dataset,model,feature,LLM_model,label,rewritten_type,main_model_on_org,main_model_on_rewritten,p_value,main_model_on_rewritten_higher
essays,gradient_boosting,tfidf,gemini,CON,rephrase,0.6618287840117774,0.6194671836693267,0.23865520838102827,False
essays,gradient_boosting,openai,gemini,CON,rephrase,0.69909343121377,0.6184765767665751,0.011868274357372621,False
essays,svm,tfidf,gemini,CON,rephrase,0.6993303538422413,0.6457054071369966,0.11987699229832137,False
essays,svm,openai,gemini,CON,rephrase,0.6878248871569526,0.6264986763223409,0.04474331960532182,False
essays,random_forest,tfidf,gemini,CON,rephrase,0.6600979666563392,0.460222370304204,0.00012234158339547222,False
essays,random_forest,openai,gemini,CON,rephrase,0.700729429215454,0.6135698854721356,0.02274796793115378,False
essays,regression,tfidf,gemini,CON,rephrase,0.6014009640797706,0.43894012634043517,0.000902035439630238,False
essays,regression,openai,gemini,CON,rephrase,0.5774254933195735,0.5328040504146336,0.27921277487886925,False
essays,longformer,longformer,gemini,CON,rephrase,,,,False
essays,gradient_boosting,tfidf,gemini,CON,syntax_grammar,0.6834954641768568,0.6055113256359562,0.004770984535652561,False
essays,gradient_boosting,openai,gemini,CON,syntax_grammar,0.6794660368674558,0.6051772677300279,0.10203818459960134,False
essays,svm,tfidf,gemini,CON,syntax_grammar,0.6912763915200235,0.6433877102980688,0.16242939651773788,False
essays,svm,openai,gemini,CON,syntax_grammar,0.6552742563305592,0.6137322417300126,0.28450721149858965,False
essays,random_forest,tfidf,gemini,CON,syntax_grammar,0.6590158839309784,0.5719892395857207,0.009051690292339062,False
essays,random_forest,openai,gemini,CON,syntax_grammar,0.6473832807150789,0.5958358752634674,0.19110190128811644,False
essays,regression,tfidf,gemini,CON,syntax_grammar,,,,False
essays,regression,openai,gemini,CON,syntax_grammar,0.6403361315972035,0.45734485326459245,0.0006855739218267819,False
essays,longformer,longformer,gemini,CON,syntax_grammar,0.6615552980843191,0.5115993348124026,0.005465110226811237,False
essays,gradient_boosting,tfidf,llama,CON,rephrase,0.6852932659488589,0.6368337964949558,0.2206168295291375,False
essays,gradient_boosting,openai,llama,CON,rephrase,0.6593328804850812,0.6402593356068736,0.5862347933401068,False
essays,svm,tfidf,llama,CON,rephrase,0.6813299712611417,0.6047116287480218,0.006192803374814628,False
essays,svm,openai,llama,CON,rephrase,0.7169080181682418,0.6406627127686203,0.008599930239943277,False
essays,random_forest,tfidf,llama,CON,rephrase,0.651130047600064,0.5182469165239828,0.0001192156767030666,False
essays,random_forest,openai,llama,CON,rephrase,0.6711327028399475,0.6480875368288285,0.4683385085349786,False
essays,regression,tfidf,llama,CON,rephrase,0.5892646859381546,0.45998317922064064,0.003909287922978145,False
essays,regression,openai,llama,CON,rephrase,0.5863850914003139,0.54420722291915,0.13566765757624072,False
essays,longformer,longformer,llama,CON,rephrase,,,,False
essays,gradient_boosting,tfidf,llama,CON,syntax_grammar,0.6816432630899251,0.6331671913426803,0.07240691836472607,False
essays,gradient_boosting,openai,llama,CON,syntax_grammar,0.6473529636757015,0.6227577766063334,0.40910850458249404,False
essays,svm,tfidf,llama,CON,syntax_grammar,0.7031721636343095,0.6622597213054447,0.18514634531401422,False
essays,svm,openai,llama,CON,syntax_grammar,0.7034542670224354,0.6612933396656466,0.2063089100067685,False
essays,random_forest,tfidf,llama,CON,syntax_grammar,0.6159129490263415,0.5927441748510572,0.3714103328783913,False
essays,random_forest,openai,llama,CON,syntax_grammar,0.6766761134294711,0.5981143378634186,0.00986709662119553,False
essays,regression,tfidf,llama,CON,syntax_grammar,0.5885377399263582,0.49351725730449747,0.023984875548781658,False
essays,regression,openai,llama,CON,syntax_grammar,0.5956121369082479,0.5523260808512394,0.2206472197910915,False
essays,longformer,longformer,llama,CON,syntax_grammar,,,,False
essays,gradient_boosting,tfidf,gpt,CON,rephrase,0.6693387456731286,0.5823546806420012,0.009766869765906124,False
essays,gradient_boosting,openai,gpt,CON,rephrase,0.6674314512761437,0.5873268509424574,0.013625013609208696,False
essays,svm,tfidf,gpt,CON,rephrase,0.6750438188877299,0.6751788483748241,0.6640521808606916,True
essays,svm,openai,gpt,CON,rephrase,0.6616544879389361,0.665227182422129,0.023752578471131085,True
essays,random_forest,tfidf,gpt,CON,rephrase,0.6026865742619714,0.596411051544959,0.041789314184430354,False
essays,random_forest,openai,gpt,CON,rephrase,0.6066936417543329,0.6248001131141406,5.9153740326402285e-08,True
essays,regression,tfidf,gpt,CON,rephrase,0.5450021282406443,0.5447696192942123,0.9679864467681984,False
essays,regression,openai,gpt,CON,rephrase,0.5612875519997855,0.5073477289979923,5.719816902549276e-09,False
essays,longformer,longformer,gpt,CON,rephrase,,,,False
essays,gradient_boosting,tfidf,gpt,CON,syntax_grammar,0.6832323430975173,0.6013165482028711,0.016513265220594323,False
essays,gradient_boosting,openai,gpt,CON,syntax_grammar,0.6924094330228461,0.5851878383688482,0.009672995633861215,False
essays,svm,tfidf,gpt,CON,syntax_grammar,0.6723046879221077,0.6724832512054995,0.6281295410088953,True
essays,svm,openai,gpt,CON,syntax_grammar,0.6537174051452357,0.6586054310345765,0.003339883130527557,True
essays,random_forest,tfidf,gpt,CON,syntax_grammar,0.5980458486842407,0.6007036182200528,0.49447074853688966,True
essays,random_forest,openai,gpt,CON,syntax_grammar,0.6060288283283276,0.6268491436521418,1.0456694560922741e-08,True
essays,regression,tfidf,gpt,CON,syntax_grammar,0.5473541704861336,0.5465960793301319,0.8548569353046243,False
essays,regression,openai,gpt,CON,syntax_grammar,0.555704918422596,0.5185985779738171,2.1561482178597795e-10,False
essays,longformer,longformer,gpt,CON,syntax_grammar,0.6426915769934852,0.5230322591953346,0.03174705664787976,False
essays,gradient_boosting,tfidf,gemini,NEU,rephrase,0.6002204196713296,0.4755091711005336,0.012690688445796745,False
essays,gradient_boosting,openai,gemini,NEU,rephrase,0.6402325893465217,0.5677573543838367,0.04303874927136239,False
essays,svm,tfidf,gemini,NEU,rephrase,0.6361503594514851,0.571732508647866,0.0882782981588537,False
essays,svm,openai,gemini,NEU,rephrase,0.7046225974946816,0.5740300238769271,0.0034641876234329854,False
essays,random_forest,tfidf,gemini,NEU,rephrase,0.6120794602996346,0.47822377296624174,0.001438266547575162,False
essays,random_forest,openai,gemini,NEU,rephrase,0.6722345528218546,0.5243679843257597,0.019315890014126993,False
essays,regression,tfidf,gemini,NEU,rephrase,,,,False
essays,regression,openai,gemini,NEU,rephrase,0.635491906870328,0.5476964908969127,0.01369077580376524,False
essays,longformer,longformer,gemini,NEU,rephrase,0.6832275090672191,0.5731903790121017,0.0005179152399839985,False
essays,gradient_boosting,tfidf,gemini,NEU,syntax_grammar,0.6080012199397092,0.5234006851575722,0.027574910424459722,False
essays,gradient_boosting,openai,gemini,NEU,syntax_grammar,0.6316640899614664,0.5991596218227062,0.31112296675501305,False
essays,svm,tfidf,gemini,NEU,syntax_grammar,0.6880498265805507,0.6183498552244638,0.1568304405974555,False
essays,svm,openai,gemini,NEU,syntax_grammar,0.6936620159128444,0.6150215058487919,0.05032617290651831,False
essays,random_forest,tfidf,gemini,NEU,syntax_grammar,0.6082007712374348,0.5637890496507072,0.10659478495861559,False
essays,random_forest,openai,gemini,NEU,syntax_grammar,0.6522230029179003,0.5772803432683596,0.0525497891418066,False
essays,regression,tfidf,gemini,NEU,syntax_grammar,0.6237480811513262,0.4770645086019702,0.0022694765904215128,False
essays,regression,openai,gemini,NEU,syntax_grammar,0.588484646939453,0.48961894744333345,0.019898338991889475,False
essays,longformer,longformer,gemini,NEU,syntax_grammar,,,,False
essays,gradient_boosting,tfidf,llama,NEU,rephrase,0.6653873586648039,0.4986923606577543,0.0013089345447513422,False
essays,gradient_boosting,openai,llama,NEU,rephrase,0.6279972867381681,0.5351378534715105,0.008117298690737972,False
essays,svm,tfidf,llama,NEU,rephrase,0.6392469606126122,0.5469535569795982,0.0018689962371714198,False
essays,svm,openai,llama,NEU,rephrase,0.6475938204379638,0.5867087150546386,0.047148470778975764,False
essays,random_forest,tfidf,llama,NEU,rephrase,0.589187361006094,0.507791427875523,0.018981440315414076,False
essays,random_forest,openai,llama,NEU,rephrase,0.6502861563333004,0.5664468261827483,0.05432949837601421,False
essays,regression,tfidf,llama,NEU,rephrase,,,,False
essays,regression,openai,llama,NEU,rephrase,0.5793743126207114,0.5373015356719355,0.012775104237426541,False
essays,longformer,longformer,llama,NEU,rephrase,0.7044278985507905,0.5947043142465075,0.028909037445369108,False
essays,gradient_boosting,tfidf,llama,NEU,syntax_grammar,0.6356410034238759,0.5853913439222895,0.1446678925450928,False
essays,gradient_boosting,openai,llama,NEU,syntax_grammar,0.6440310170091982,0.5394354867164978,0.0069347673006261885,False
essays,svm,tfidf,llama,NEU,syntax_grammar,0.6660695352034609,0.5753022889624148,0.01042885119378455,False
essays,svm,openai,llama,NEU,syntax_grammar,0.6600285113072049,0.5988871096438241,0.08036029066371835,False
essays,random_forest,tfidf,llama,NEU,syntax_grammar,0.602351153918992,0.5147349825548947,0.0023289179106938873,False
essays,random_forest,openai,llama,NEU,syntax_grammar,0.631550702482768,0.5533875344105886,0.028887503755358434,False
essays,regression,tfidf,llama,NEU,syntax_grammar,0.6119928694677507,0.5252075450883376,0.017086649787358184,False
essays,regression,openai,llama,NEU,syntax_grammar,0.5900544732435042,0.539413303305654,0.13912156914828877,False
essays,longformer,longformer,llama,NEU,syntax_grammar,,,,False
essays,gradient_boosting,tfidf,gpt,NEU,rephrase,0.6091058993918458,0.5468183849692678,0.038338247719335465,False
essays,gradient_boosting,openai,gpt,NEU,rephrase,0.6514874668286844,0.5647670698107035,0.005634928004806866,False
essays,svm,tfidf,gpt,NEU,rephrase,0.6211223084996792,0.6156663956506245,0.09697802766883312,False
essays,svm,openai,gpt,NEU,rephrase,0.6129424967495284,0.6014784363960478,0.0016530474623145666,False
essays,random_forest,tfidf,gpt,NEU,rephrase,0.5443044067911315,0.5177702838100371,1.052490611365991e-05,False
essays,random_forest,openai,gpt,NEU,rephrase,0.5888716802000096,0.5803670392666186,0.009166067939008583,False
essays,regression,tfidf,gpt,NEU,rephrase,0.5252999531616304,0.5314263257313918,0.38806825114883536,True
essays,regression,openai,gpt,NEU,rephrase,0.5520068212188994,0.5292651187538211,0.0005160678819303354,False
essays,longformer,longformer,gpt,NEU,rephrase,,,,False
essays,gradient_boosting,tfidf,gpt,NEU,syntax_grammar,0.5981071005357073,0.5122364287780007,0.07997606908022703,False
essays,gradient_boosting,openai,gpt,NEU,syntax_grammar,0.6346737207464989,0.6010596613338085,0.16248441927545595,False
essays,svm,tfidf,gpt,NEU,syntax_grammar,0.6005671909300185,0.5901737738826397,0.00016671797996693213,False
essays,svm,openai,gpt,NEU,syntax_grammar,0.6156682093356716,0.6060474977614916,0.0024226205118797377,False
essays,random_forest,tfidf,gpt,NEU,syntax_grammar,0.5517725258084303,0.5199835138513145,3.9323980012769515e-10,False
essays,random_forest,openai,gpt,NEU,syntax_grammar,0.5878175605752642,0.5730918934066614,0.00014962070440747123,False
essays,regression,tfidf,gpt,NEU,syntax_grammar,0.5292083555494737,0.5322654833796793,0.45635107037616596,True
essays,regression,openai,gpt,NEU,syntax_grammar,0.5542209535998277,0.5630363277577651,0.05074738207977844,True
essays,longformer,longformer,gpt,NEU,syntax_grammar,0.6108740634802244,0.5239896117793227,0.06457123863846015,False
essays,gradient_boosting,tfidf,gemini,OPN,rephrase,0.7008640815808119,0.6004407423247937,0.011732322878178405,False
essays,gradient_boosting,openai,gemini,OPN,rephrase,0.6927758652435845,0.6291527570600398,0.09031638816579271,False
essays,svm,tfidf,gemini,OPN,rephrase,0.746595300837993,0.6568320592333928,0.023321939852250905,False
essays,svm,openai,gemini,OPN,rephrase,0.7438435034022858,0.6513101501366872,0.03887059205902943,False
essays,random_forest,tfidf,gemini,OPN,rephrase,0.7272341720300082,0.5804269552764137,0.0031655307200226363,False
essays,random_forest,openai,gemini,OPN,rephrase,0.6945875497599701,0.6327561331382644,0.08730064939714928,False
essays,regression,tfidf,gemini,OPN,rephrase,0.658163723327527,0.5380032999435438,0.01223883861209109,False
essays,regression,openai,gemini,OPN,rephrase,0.6384113015797959,0.5366788623563108,0.00318899185940263,False
essays,longformer,longformer,gemini,OPN,rephrase,0.6401879301237201,0.6466017917394871,0.8822974757163917,True
essays,gradient_boosting,tfidf,gemini,OPN,syntax_grammar,0.7053981094149012,0.5942488143297937,0.006157641332369584,False
essays,gradient_boosting,openai,gemini,OPN,syntax_grammar,0.6850165677463704,0.6724977223093995,0.6116406267735766,False
essays,svm,tfidf,gemini,OPN,syntax_grammar,0.73929196946313,0.609143174901988,0.0033292623779034984,False
essays,svm,openai,gemini,OPN,syntax_grammar,0.7248274080813315,0.643931871166444,0.04392721015972212,False
essays,random_forest,tfidf,gemini,OPN,syntax_grammar,0.681670462492662,0.628462728061641,0.1573017972468183,False
essays,random_forest,openai,gemini,OPN,syntax_grammar,0.7117471457544755,0.6324236382025907,0.0852963734142876,False
essays,regression,tfidf,gemini,OPN,syntax_grammar,0.6352892997089028,0.5649811367871576,0.20021377158749687,False
essays,regression,openai,gemini,OPN,syntax_grammar,0.6133850253629171,0.5340947421519907,0.020810399762020045,False
essays,longformer,longformer,gemini,OPN,syntax_grammar,0.6869364377384384,0.5780509751976766,0.02489883330052811,False
essays,gradient_boosting,tfidf,llama,OPN,rephrase,0.7412475129494567,0.5852954808850606,0.0017425913404051831,False
essays,gradient_boosting,openai,llama,OPN,rephrase,0.684711878812347,0.6585960929422138,0.38927740913630227,False
essays,svm,tfidf,llama,OPN,rephrase,0.7078217409471494,0.6431222996438319,0.012254806499061698,False
essays,svm,openai,llama,OPN,rephrase,0.7329061877856774,0.6395447746702367,0.0038437029559256278,False
essays,random_forest,tfidf,llama,OPN,rephrase,0.7169146900858853,0.5981795695352754,0.0005024767058449948,False
essays,random_forest,openai,llama,OPN,rephrase,0.6862221278549544,0.5514019207121489,5.458454481022414e-05,False
essays,regression,tfidf,llama,OPN,rephrase,0.6277132781140348,0.5770455730965964,0.21207896983553812,False
essays,regression,openai,llama,OPN,rephrase,0.6382118376233007,0.5572091325826775,0.009795018070613965,False
essays,longformer,longformer,llama,OPN,rephrase,0.7104445495508788,0.6208766897806995,0.026748049648202966,False
essays,gradient_boosting,tfidf,llama,OPN,syntax_grammar,0.7313719609084861,0.6451363184367318,0.01722585029773702,False
essays,gradient_boosting,openai,llama,OPN,syntax_grammar,0.6834549851969792,0.6300983518862856,0.05497656762448926,False
essays,svm,tfidf,llama,OPN,syntax_grammar,0.7245322194394693,0.6678868420292551,0.0678519212901689,False
essays,svm,openai,llama,OPN,syntax_grammar,0.6926398123660137,0.6409244722552276,0.04392495014218723,False
essays,random_forest,tfidf,llama,OPN,syntax_grammar,0.6644046476952269,0.6171389526407912,0.12493881269068112,False
essays,random_forest,openai,llama,OPN,syntax_grammar,0.6686583364656348,0.5644521083579229,0.0019198266754007081,False
essays,regression,tfidf,llama,OPN,syntax_grammar,0.59704449106714,0.5832544725080734,0.592499744957744,False
essays,regression,openai,llama,OPN,syntax_grammar,0.5997947323588498,0.574076796072406,0.19093797198810153,False
essays,longformer,longformer,llama,OPN,syntax_grammar,0.663750563247843,0.5991239599814376,0.15341345427737757,False
essays,gradient_boosting,tfidf,gpt,OPN,rephrase,0.6970201111993427,0.6055648596316041,0.0056145449684104985,False
essays,gradient_boosting,openai,gpt,OPN,rephrase,0.7021970176605027,0.6210722413432359,0.01440462529496617,False
essays,svm,tfidf,gpt,OPN,rephrase,0.6755455310683222,0.6742072139017996,0.0001190400035289237,False
essays,svm,openai,gpt,OPN,rephrase,0.665411989865812,0.6610268544911786,0.010369382783766432,False
essays,random_forest,tfidf,gpt,OPN,rephrase,0.649500306289902,0.649265350671721,0.9294706628286042,False
essays,random_forest,openai,gpt,OPN,rephrase,0.6419123352421288,0.6316584113705697,0.00045372895281613895,False
essays,regression,tfidf,gpt,OPN,rephrase,0.5850449709893825,0.5595679193206768,3.289571551240568e-07,False
essays,regression,openai,gpt,OPN,rephrase,0.581709139154915,0.5882264192327663,0.19315465933436307,True
essays,longformer,longformer,gpt,OPN,rephrase,0.6668937074246475,0.6082320706898642,0.2481340165067574,False
essays,gradient_boosting,tfidf,gpt,OPN,syntax_grammar,0.7164940807206954,0.576732551826554,0.0010246110471948022,False
essays,gradient_boosting,openai,gpt,OPN,syntax_grammar,0.6886089114130798,0.6488502371730281,0.26778032168569127,False
essays,svm,tfidf,gpt,OPN,syntax_grammar,0.6806148185293804,0.67885892292557,5.772799460281095e-06,False
essays,svm,openai,gpt,OPN,syntax_grammar,0.6649139705092368,0.6620610377763417,0.043422085172150404,False
essays,random_forest,tfidf,gpt,OPN,syntax_grammar,0.6476629419524624,0.6553177851929832,0.0033038852342156936,True
essays,random_forest,openai,gpt,OPN,syntax_grammar,0.6441966409515898,0.6314703045407725,8.46111326150071e-08,False
essays,regression,tfidf,gpt,OPN,syntax_grammar,0.5806370203484013,0.5740618796067872,0.10860348692068242,False
essays,regression,openai,gpt,OPN,syntax_grammar,0.5777871304937006,0.5702124640080999,0.09706922216695213,False
essays,longformer,longformer,gpt,OPN,syntax_grammar,0.6966997126568343,0.6713924033004715,0.2834872470681584,False
essays,gradient_boosting,tfidf,gemini,AGR,rephrase,0.7373001216161291,0.6846803306119807,0.18869267104482462,False
essays,gradient_boosting,openai,gemini,AGR,rephrase,0.7252496214559211,0.6505490881476413,0.0500767669427256,False
essays,svm,tfidf,gemini,AGR,rephrase,0.76467636521527,0.6013258523545072,0.0005841249653179301,False
essays,svm,openai,gemini,AGR,rephrase,0.7740153451277992,0.6554641053475799,0.00790934433728158,False
essays,random_forest,tfidf,gemini,AGR,rephrase,0.7392244511827678,0.6588363365462465,0.06531301552381724,False
essays,random_forest,openai,gemini,AGR,rephrase,0.6868419391826085,0.6262133492532233,0.1264120873216855,False
essays,regression,tfidf,gemini,AGR,rephrase,0.6478310254672277,0.5094980301112392,0.001629629802330568,False
essays,regression,openai,gemini,AGR,rephrase,,,,False
essays,longformer,longformer,gemini,AGR,rephrase,,,,False
essays,gradient_boosting,tfidf,gemini,AGR,syntax_grammar,0.7156519355284892,0.639676549355571,0.04945270632960516,False
essays,gradient_boosting,openai,gemini,AGR,syntax_grammar,0.7117929861953446,0.6948621980684031,0.6074292830443732,False
essays,svm,tfidf,gemini,AGR,syntax_grammar,0.6934381119678548,0.7401858167065279,0.18835322020815304,True
essays,svm,openai,gemini,AGR,syntax_grammar,0.7913068319174646,0.6766661073235564,0.01625458072787619,False
essays,random_forest,tfidf,gemini,AGR,syntax_grammar,0.7122795059937146,0.6084806091192325,0.0056562413097534315,False
essays,random_forest,openai,gemini,AGR,syntax_grammar,0.6732352648690382,0.6596256461447978,0.7633062862902722,False
essays,regression,tfidf,gemini,AGR,syntax_grammar,,,,False
essays,regression,openai,gemini,AGR,syntax_grammar,0.6002179196149202,0.51403162499696,0.07940413290678121,False
essays,longformer,longformer,gemini,AGR,syntax_grammar,,,,False
essays,gradient_boosting,tfidf,llama,AGR,rephrase,0.7189078942055999,0.6850027914551777,0.3028581108562065,False
essays,gradient_boosting,openai,llama,AGR,rephrase,0.7207238630802059,0.6666289906159785,0.09138330243461827,False
essays,svm,tfidf,llama,AGR,rephrase,0.7659696265501349,0.6333091541991825,0.0053520201743515825,False
essays,svm,openai,llama,AGR,rephrase,0.7226993603026359,0.6865530657487962,0.2676561004296718,False
essays,random_forest,tfidf,llama,AGR,rephrase,0.7071024711310054,0.624114887671021,0.006029073939913647,False
essays,random_forest,openai,llama,AGR,rephrase,0.6789950554485238,0.6059323707196309,0.027799850675489995,False
essays,regression,tfidf,llama,AGR,rephrase,,,,False
essays,regression,openai,llama,AGR,rephrase,0.6093758340514008,0.5988071353948571,0.6607187141894316,False
essays,longformer,longformer,llama,AGR,rephrase,,,,False
essays,gradient_boosting,tfidf,llama,AGR,syntax_grammar,0.7134300049292441,0.7080227674681668,0.8237609051785384,False
essays,gradient_boosting,openai,llama,AGR,syntax_grammar,0.7401622924168185,0.6278715154733091,0.012817100776727684,False
essays,svm,tfidf,llama,AGR,syntax_grammar,0.729095031849786,0.6776092118864142,0.10397798098124875,False
essays,svm,openai,llama,AGR,syntax_grammar,0.6895499555389146,0.6934912560431239,0.7974429547359181,True
essays,random_forest,tfidf,llama,AGR,syntax_grammar,0.6994747365505187,0.6249967005722856,0.005877652150523247,False
essays,random_forest,openai,llama,AGR,syntax_grammar,0.6784653248651266,0.6226053531567044,0.060549060616938835,False
essays,regression,tfidf,llama,AGR,syntax_grammar,0.6270372085964021,0.42791599807240066,0.0018671537732539414,False
essays,regression,openai,llama,AGR,syntax_grammar,0.6142876756608071,0.5877279919312136,0.5506229458515255,False
essays,longformer,longformer,llama,AGR,syntax_grammar,,,,False
essays,gradient_boosting,tfidf,gpt,AGR,rephrase,0.6975297994148024,0.6251622967470836,0.03959949310939963,False
essays,gradient_boosting,openai,gpt,AGR,rephrase,0.7108988419927761,0.6585983432748133,0.26148632369048536,False
essays,svm,tfidf,gpt,AGR,rephrase,0.6938361023773982,0.6940332859634448,0.5212799780850723,True
essays,svm,openai,gpt,AGR,rephrase,0.6909779006294292,0.69095502622986,0.9382143412280046,False
essays,random_forest,tfidf,gpt,AGR,rephrase,0.6482615775455123,0.6599731151878833,3.7730686859744496e-05,True
essays,random_forest,openai,gpt,AGR,rephrase,0.6273787253049974,0.6402173703433433,6.373091362299884e-07,True
essays,regression,tfidf,gpt,AGR,rephrase,0.5527049192852518,0.520108988954764,8.650307406442996e-05,False
essays,regression,openai,gpt,AGR,rephrase,0.5698192381203512,0.5564563188603797,0.033138277970824685,False
essays,longformer,longformer,gpt,AGR,rephrase,,,,False
essays,gradient_boosting,tfidf,gpt,AGR,syntax_grammar,0.7403568084154424,0.6671414121989145,0.052470219859622684,False
essays,gradient_boosting,openai,gpt,AGR,syntax_grammar,0.693075181963708,0.6693583849136365,0.47327587039762775,False
essays,svm,tfidf,gpt,AGR,syntax_grammar,0.6904026731172537,0.6906458321694526,0.47646492554334785,True
essays,svm,openai,gpt,AGR,syntax_grammar,0.6944803830647125,0.6942035719246348,0.3382604950714829,False
essays,random_forest,tfidf,gpt,AGR,syntax_grammar,0.6506061425568526,0.6546453119558708,0.06393996326627259,True
essays,random_forest,openai,gpt,AGR,syntax_grammar,0.6391588304209889,0.6474412597214,0.004103323646671465,True
essays,regression,tfidf,gpt,AGR,syntax_grammar,0.5498779716126472,0.5211881751087523,3.560351640857276e-06,False
essays,regression,openai,gpt,AGR,syntax_grammar,0.5632275394850479,0.5449418469505326,0.004358446218847925,False
essays,longformer,longformer,gpt,AGR,syntax_grammar,,,,False
essays,gradient_boosting,tfidf,gemini,EXT,rephrase,0.6927420826713127,0.6231837586409555,0.034784036743257606,False
essays,gradient_boosting,openai,gemini,EXT,rephrase,0.7111944940518768,0.6040244407988785,0.01164671865681306,False
essays,svm,tfidf,gemini,EXT,rephrase,0.7053460554286098,0.6862046784280499,0.5119735065726442,False
essays,svm,openai,gemini,EXT,rephrase,0.7042226266796223,0.6747365999079274,0.3811729551051577,False
essays,random_forest,tfidf,gemini,EXT,rephrase,0.687377268865092,0.5266671946056501,3.249761295770889e-05,False
essays,random_forest,openai,gemini,EXT,rephrase,0.6837691896249193,0.5823138424374062,0.01847769996780786,False
essays,regression,tfidf,gemini,EXT,rephrase,0.6311998524860744,0.4604122133285896,0.00093888083168741,False
essays,regression,openai,gemini,EXT,rephrase,0.6138384046282969,0.5849044793213449,0.46785397089348013,False
essays,longformer,longformer,gemini,EXT,rephrase,0.6378820621155886,0.49934515905793486,0.015235168582760568,False
essays,gradient_boosting,tfidf,gemini,EXT,syntax_grammar,0.7076193771415431,0.631557638102419,0.010566736093091153,False
essays,gradient_boosting,openai,gemini,EXT,syntax_grammar,0.7014874029102215,0.6083416763692298,0.013905218832837457,False
essays,svm,tfidf,gemini,EXT,syntax_grammar,0.7507421024470936,0.6678167661824057,0.032262964276876735,False
essays,svm,openai,gemini,EXT,syntax_grammar,0.7161511260313865,0.6412128570122518,0.045426562047443005,False
essays,random_forest,tfidf,gemini,EXT,syntax_grammar,0.6589565092079116,0.6357523431981702,0.4881562855915821,False
essays,random_forest,openai,gemini,EXT,syntax_grammar,0.6826093097777949,0.5642647622405952,0.00533997698930244,False
essays,regression,tfidf,gemini,EXT,syntax_grammar,,,,False
essays,regression,openai,gemini,EXT,syntax_grammar,0.618451569205881,0.5241120654190378,0.005253434474705279,False
essays,longformer,longformer,gemini,EXT,syntax_grammar,,,,False
essays,gradient_boosting,tfidf,llama,EXT,rephrase,0.6997112896445199,0.6438516409908415,0.13161905825256826,False
essays,gradient_boosting,openai,llama,EXT,rephrase,0.6728877259799693,0.6304774642834041,0.2159362844040433,False
essays,svm,tfidf,llama,EXT,rephrase,0.7298591848739624,0.7008011724312709,0.32583367331968505,False
essays,svm,openai,llama,EXT,rephrase,0.6982598668149894,0.6910284987064904,0.7742788366305781,False
essays,random_forest,tfidf,llama,EXT,rephrase,0.6742959512903642,0.5272472130856031,0.00040020870737652594,False
essays,random_forest,openai,llama,EXT,rephrase,0.6399651291967596,0.602903287147819,0.32506159986441174,False
essays,regression,tfidf,llama,EXT,rephrase,0.6348284799034245,0.5641034945234286,0.030933178070718617,False
essays,regression,openai,llama,EXT,rephrase,0.6117271736634914,0.5109457840541959,0.005927707731304331,False
essays,longformer,longformer,llama,EXT,rephrase,,,,False
essays,gradient_boosting,tfidf,llama,EXT,syntax_grammar,0.7049044000172239,0.677264946356393,0.4630374374327805,False
essays,gradient_boosting,openai,llama,EXT,syntax_grammar,0.6708002445067399,0.5991186302803753,0.1060840112355628,False
essays,svm,tfidf,llama,EXT,syntax_grammar,0.7490434090052255,0.666413105580591,0.02170859225780366,False
essays,svm,openai,llama,EXT,syntax_grammar,0.7288260834585798,0.6643442708641937,0.09625802025204293,False
essays,random_forest,tfidf,llama,EXT,syntax_grammar,0.6763912557409382,0.6126138126520236,0.02156173658090584,False
essays,random_forest,openai,llama,EXT,syntax_grammar,0.6651772486540356,0.6063655417089777,0.03559547173708278,False
essays,regression,tfidf,llama,EXT,syntax_grammar,0.5934406417844404,0.486140275906691,0.0007367652055099111,False
essays,regression,openai,llama,EXT,syntax_grammar,0.5982635964272434,0.544939059069131,0.09197907855163541,False
essays,longformer,longformer,llama,EXT,syntax_grammar,,,,False
essays,gradient_boosting,tfidf,gpt,EXT,rephrase,0.7075858337823813,0.6203881065870867,0.019270068437526797,False
essays,gradient_boosting,openai,gpt,EXT,rephrase,0.7265040983657182,0.647098046881976,0.0936832813721847,False
essays,svm,tfidf,gpt,EXT,rephrase,0.6825004328474262,0.6818646232868171,0.04306365719197439,False
essays,svm,openai,gpt,EXT,rephrase,0.6770078606217323,0.675225966778968,0.11481796590931785,False
essays,random_forest,tfidf,gpt,EXT,rephrase,0.6262861114355476,0.5657626287517851,3.593599664669332e-15,False
essays,random_forest,openai,gpt,EXT,rephrase,0.6209200264968505,0.5899786290822194,1.513170874507988e-11,False
essays,regression,tfidf,gpt,EXT,rephrase,0.546884496510679,0.4529049193253946,3.1796131823921493e-16,False
essays,regression,openai,gpt,EXT,rephrase,0.5665280423605964,0.5139757246955693,5.2972883583838175e-09,False
essays,longformer,longformer,gpt,EXT,rephrase,,,,False
essays,gradient_boosting,tfidf,gpt,EXT,syntax_grammar,0.6702017481934756,0.6423714154377868,0.4239479272704939,False
essays,gradient_boosting,openai,gpt,EXT,syntax_grammar,0.6974885348833345,0.6536952539166705,0.11397703799048045,False
essays,svm,tfidf,gpt,EXT,syntax_grammar,0.6826270741201131,0.6822837401811604,0.29548605403816336,False
essays,svm,openai,gpt,EXT,syntax_grammar,0.6738168804397959,0.6735210061434099,0.60824382756883,False
essays,random_forest,tfidf,gpt,EXT,syntax_grammar,0.6270344717821374,0.5753034042101594,4.92602441262321e-21,False
essays,random_forest,openai,gpt,EXT,syntax_grammar,0.6111859931251664,0.5958438627383955,1.701800293830176e-05,False
essays,regression,tfidf,gpt,EXT,syntax_grammar,0.5554136522458475,0.4710056748686419,1.5625718409638318e-18,False
essays,regression,openai,gpt,EXT,syntax_grammar,0.5644102802760388,0.510727522079371,2.6245143212452794e-08,False
essays,longformer,longformer,gpt,EXT,syntax_grammar,,,,False
wassa,gradient_boosting,tfidf,gemini,.iri.concern,rephrase,0.6411670437405731,0.5989486548310077,0.2578804613138446,False
wassa,gradient_boosting,openai,gemini,.iri.concern,rephrase,0.710140001115937,0.6558553708620554,0.00874869202566486,False
wassa,svm,tfidf,gemini,.iri.concern,rephrase,0.6833774403383369,0.6880226797476764,0.5649241573598351,True
wassa,svm,openai,gemini,.iri.concern,rephrase,0.6561560053091648,0.6496612714332619,0.45077587428999244,False
wassa,random_forest,tfidf,gemini,.iri.concern,rephrase,0.6914606749080074,0.6553958277624489,0.028048032178779103,False
wassa,random_forest,openai,gemini,.iri.concern,rephrase,0.675660926763868,0.6979906123288477,0.18822417472477518,True
wassa,regression,tfidf,gemini,.iri.concern,rephrase,0.7251006292182763,0.6532737016070349,0.00394734654775372,False
wassa,regression,openai,gemini,.iri.concern,rephrase,0.6633560711734087,0.6365951300161827,0.15510100007980634,False
wassa,longformer,longformer,gemini,.iri.concern,rephrase,,,,False
wassa,gradient_boosting,tfidf,gemini,.iri.concern,syntax_grammar,0.6560909739014316,0.5956241722323594,0.04390836320840098,False
wassa,gradient_boosting,openai,gemini,.iri.concern,syntax_grammar,0.6895974617917343,0.6603613207779874,0.23275101652188518,False
wassa,svm,tfidf,gemini,.iri.concern,syntax_grammar,0.6769702060986338,0.6400329028065649,0.0031333898645558257,False
wassa,svm,openai,gemini,.iri.concern,syntax_grammar,0.6720497221444969,0.626184521339952,0.0005336679004873232,False
wassa,random_forest,tfidf,gemini,.iri.concern,syntax_grammar,0.6815266862480486,0.6360278356534387,0.0008269639288895953,False
wassa,random_forest,openai,gemini,.iri.concern,syntax_grammar,0.6779275973209797,0.616915590536914,0.008480680911668079,False
wassa,regression,tfidf,gemini,.iri.concern,syntax_grammar,0.7015851370851371,0.6438480179950768,0.0022938602232457778,False
wassa,regression,openai,gemini,.iri.concern,syntax_grammar,0.6773122686617498,0.574915444033091,0.0004440772094545694,False
wassa,longformer,longformer,gemini,.iri.concern,syntax_grammar,,,,False
wassa,gradient_boosting,tfidf,llama,.iri.concern,rephrase,0.6400829562594267,0.6120981959217251,0.23138750818174797,False
wassa,gradient_boosting,openai,llama,.iri.concern,rephrase,0.688066933066933,0.5916547459678265,0.0007930343381664037,False
wassa,svm,tfidf,llama,.iri.concern,rephrase,0.6802709555410301,0.6549756583944056,0.1696649451270731,False
wassa,svm,openai,llama,.iri.concern,rephrase,0.6549444156482945,0.592041382503047,0.0011095670053154834,False
wassa,random_forest,tfidf,llama,.iri.concern,rephrase,0.664431920203979,0.6233473221824615,0.014208441937771172,False
wassa,random_forest,openai,llama,.iri.concern,rephrase,0.6689981120653391,0.5123291391148534,8.830340833804282e-06,False
wassa,regression,tfidf,llama,.iri.concern,rephrase,0.7093427565614268,0.38126161278335186,5.630528443651871e-15,False
wassa,regression,openai,llama,.iri.concern,rephrase,0.6798620298620299,0.38089868089868084,1.9885085454552347e-11,False
wassa,longformer,longformer,llama,.iri.concern,rephrase,,,,False
wassa,gradient_boosting,tfidf,llama,.iri.concern,syntax_grammar,0.6678371040723983,0.6091569606863724,0.04051378424867073,False
wassa,gradient_boosting,openai,llama,.iri.concern,syntax_grammar,0.6822946134091646,0.559645764057529,2.5606002970105334e-05,False
wassa,svm,tfidf,llama,.iri.concern,syntax_grammar,0.6786309973734258,0.6751361833825827,0.733287657388351,False
wassa,svm,openai,llama,.iri.concern,syntax_grammar,0.670673228933057,0.6356833447332307,0.04619570019009214,False
wassa,random_forest,tfidf,llama,.iri.concern,syntax_grammar,0.6910589273664931,0.6325320051035994,0.003022695313747802,False
wassa,random_forest,openai,llama,.iri.concern,syntax_grammar,0.679496045212957,0.610330678093836,0.006204117405632554,False
wassa,regression,tfidf,llama,.iri.concern,syntax_grammar,0.7128698995481,0.479020979020979,3.7108996259273857e-14,False
wassa,regression,openai,llama,.iri.concern,syntax_grammar,0.6832619061610661,0.46705802134373564,1.0853972014665808e-09,False
wassa,longformer,longformer,llama,.iri.concern,syntax_grammar,,,,False
wassa,gradient_boosting,tfidf,gpt,.iri.concern,rephrase,0.6459762899242538,0.5815600500555251,0.03130037101035173,False
wassa,gradient_boosting,openai,gpt,.iri.concern,rephrase,0.6921475147945738,0.695799070210835,0.831430091082903,True
wassa,svm,tfidf,gpt,.iri.concern,rephrase,0.6738872259258469,0.6704512953069912,0.8180863676510788,False
wassa,svm,openai,gpt,.iri.concern,rephrase,0.6676754432118389,0.6404158165336077,0.023977509016759938,False
wassa,random_forest,tfidf,gpt,.iri.concern,rephrase,0.680142900615037,0.64525716009951,0.06615290221869084,False
wassa,random_forest,openai,gpt,.iri.concern,rephrase,0.6595143418672831,0.6013399256714765,0.0042941288835552155,False
wassa,regression,tfidf,gpt,.iri.concern,rephrase,0.7136797026502909,0.6208003189620837,3.652024389017723e-05,False
wassa,regression,openai,gpt,.iri.concern,rephrase,0.6863738968780986,0.5603419067704782,2.0012708042092677e-06,False
wassa,longformer,longformer,gpt,.iri.concern,rephrase,,,,False
wassa,gradient_boosting,tfidf,gpt,.iri.concern,syntax_grammar,0.655314923172066,0.5948253427245023,0.05005272554232729,False
wassa,gradient_boosting,openai,gpt,.iri.concern,syntax_grammar,0.6927290601555307,0.6513512223071046,0.06245084584068559,False
wassa,svm,tfidf,gpt,.iri.concern,syntax_grammar,0.6555858632251821,0.6745494732305878,0.07580353535783797,True
wassa,svm,openai,gpt,.iri.concern,syntax_grammar,0.6567661730684177,0.6434054120973626,0.11100668902188982,False
wassa,random_forest,tfidf,gpt,.iri.concern,syntax_grammar,0.6879643798911507,0.6787881158387256,0.40597414123001485,False
wassa,random_forest,openai,gpt,.iri.concern,syntax_grammar,0.6700680038915333,0.6601999802534562,0.5400557781375598,False
wassa,regression,tfidf,gpt,.iri.concern,syntax_grammar,0.7000308814834625,0.5802767793764192,3.7944163776615125e-06,False
wassa,regression,openai,gpt,.iri.concern,syntax_grammar,0.6890220196470196,0.5831245143745143,0.0005995245098881656,False
wassa,longformer,longformer,gpt,.iri.concern,syntax_grammar,,,,False
wassa,gradient_boosting,tfidf,gemini,.iri.perspective,rephrase,0.6132121252140229,0.6418477158515111,0.29202838778785895,True
wassa,gradient_boosting,openai,gemini,.iri.perspective,rephrase,0.6321294328007885,0.539533548293139,0.0006986855196351934,False
wassa,svm,tfidf,gemini,.iri.perspective,rephrase,0.6693633816152481,0.6154306112282802,0.015218322625599493,False
wassa,svm,openai,gemini,.iri.perspective,rephrase,0.6523180561677236,0.6294417263698591,0.0017044968882407878,False
wassa,random_forest,tfidf,gemini,.iri.perspective,rephrase,0.6399752048540975,0.6245854299487518,0.2356384898112734,False
wassa,random_forest,openai,gemini,.iri.perspective,rephrase,0.6475948987653669,0.6211133537664151,0.03733108651478466,False
wassa,regression,tfidf,gemini,.iri.perspective,rephrase,0.6320372619392226,0.6082276603985286,0.1618118732927991,False
wassa,regression,openai,gemini,.iri.perspective,rephrase,0.6201848074526095,0.5964233693722859,0.1400434080169953,False
wassa,longformer,longformer,gemini,.iri.perspective,rephrase,,,,False
wassa,gradient_boosting,tfidf,gemini,.iri.perspective,syntax_grammar,0.6307330498355537,0.5665303153794202,0.0009043502467127343,False
wassa,gradient_boosting,openai,gemini,.iri.perspective,syntax_grammar,0.6465475663670851,0.5526106469288288,8.520663432167164e-05,False
wassa,svm,tfidf,gemini,.iri.perspective,syntax_grammar,0.6375067656801402,0.5550172004872259,0.00023995979237956955,False
wassa,svm,openai,gemini,.iri.perspective,syntax_grammar,0.6484472263939313,0.6130719093857638,0.00028153395272984726,False
wassa,random_forest,tfidf,gemini,.iri.perspective,syntax_grammar,0.6268606484292759,0.6042096822325581,0.14984208330189883,False
wassa,random_forest,openai,gemini,.iri.perspective,syntax_grammar,0.6018957054626644,0.5156911194771021,0.00014745936728820602,False
wassa,regression,tfidf,gemini,.iri.perspective,syntax_grammar,0.6626398690914818,0.579280920955494,8.315030941649954e-06,False
wassa,regression,openai,gemini,.iri.perspective,syntax_grammar,0.625571744462722,0.5272949117486933,4.906952066313366e-07,False
wassa,longformer,longformer,gemini,.iri.perspective,syntax_grammar,,,,False
wassa,gradient_boosting,tfidf,llama,.iri.perspective,rephrase,0.613000577853519,0.5970539754363283,0.37209961561670124,False
wassa,gradient_boosting,openai,llama,.iri.perspective,rephrase,0.6499206841961264,0.5118960375377033,0.0007387082685085778,False
wassa,svm,tfidf,llama,.iri.perspective,rephrase,0.6541093629394514,0.5452596775575208,0.0002546527259251778,False
wassa,svm,openai,llama,.iri.perspective,rephrase,0.6419462823229592,0.6146712330019865,0.0924161421673793,False
wassa,random_forest,tfidf,llama,.iri.perspective,rephrase,0.6277791284079983,0.6206654206073711,0.6039164880912764,False
wassa,random_forest,openai,llama,.iri.perspective,rephrase,0.6232965705791793,0.5232474159752395,2.1939561989162984e-05,False
wassa,regression,tfidf,llama,.iri.perspective,rephrase,0.6502147278009347,0.5580227131444169,0.0001086263486163682,False
wassa,regression,openai,llama,.iri.perspective,rephrase,0.6122905813430501,0.46413634095522643,6.059113198689352e-07,False
wassa,longformer,longformer,llama,.iri.perspective,rephrase,,,,False
wassa,gradient_boosting,tfidf,llama,.iri.perspective,syntax_grammar,0.6306849233654048,0.6021817278009228,0.1908801189978227,False
wassa,gradient_boosting,openai,llama,.iri.perspective,syntax_grammar,0.6510857677417781,0.561150596348806,0.00017617930269674947,False
wassa,svm,tfidf,llama,.iri.perspective,syntax_grammar,0.6646348740552969,0.5745685041783587,0.0005684910771444351,False
wassa,svm,openai,llama,.iri.perspective,syntax_grammar,0.6376668972582286,0.602137510580235,0.029735539500894564,False
wassa,random_forest,tfidf,llama,.iri.perspective,syntax_grammar,0.6266486068111455,0.6351791356218601,0.4557137047938131,True
wassa,random_forest,openai,llama,.iri.perspective,syntax_grammar,0.6083933891420523,0.5176285686980874,1.760866464511686e-05,False
wassa,regression,tfidf,llama,.iri.perspective,syntax_grammar,0.6520344614272504,0.5768330130758973,0.0002909131819253647,False
wassa,regression,openai,llama,.iri.perspective,syntax_grammar,0.6411484020522757,0.4800408263822898,2.3702240717030757e-08,False
wassa,longformer,longformer,llama,.iri.perspective,syntax_grammar,,,,False
wassa,gradient_boosting,tfidf,gpt,.iri.perspective,rephrase,0.6011977728154199,0.6448200943363482,0.012699827333570484,True
wassa,gradient_boosting,openai,gpt,.iri.perspective,rephrase,0.6139792026155664,0.5457613947252985,0.0037956898907324,False
wassa,svm,tfidf,gpt,.iri.perspective,rephrase,0.6573385416386882,0.6232078718269038,0.05459565283259204,False
wassa,svm,openai,gpt,.iri.perspective,rephrase,0.6526462627968396,0.5901573227410549,0.00019027789182302763,False
wassa,random_forest,tfidf,gpt,.iri.perspective,rephrase,0.6185526577494903,0.6517377447048202,0.017197217518146773,True
wassa,random_forest,openai,gpt,.iri.perspective,rephrase,0.6399731786778096,0.545415959370903,4.071449381442636e-06,False
wassa,regression,tfidf,gpt,.iri.perspective,rephrase,0.6550468221149336,0.5926257468022172,0.0012292627833499924,False
wassa,regression,openai,gpt,.iri.perspective,rephrase,0.6328658841158841,0.5230508217272923,2.4647861194657792e-05,False
wassa,longformer,longformer,gpt,.iri.perspective,rephrase,,,,False
wassa,gradient_boosting,tfidf,gpt,.iri.perspective,syntax_grammar,0.6133348269377683,0.6320203632510135,0.2952643569058947,True
wassa,gradient_boosting,openai,gpt,.iri.perspective,syntax_grammar,0.6212939488149574,0.5902648161051521,0.16590389185671003,False
wassa,svm,tfidf,gpt,.iri.perspective,syntax_grammar,0.6545753301717606,0.604335021972975,0.017370425138938616,False
wassa,svm,openai,gpt,.iri.perspective,syntax_grammar,0.6473142743592475,0.617588066614464,0.009126067144224348,False
wassa,random_forest,tfidf,gpt,.iri.perspective,syntax_grammar,0.6226524852856123,0.6430351885816283,0.15184724670863609,True
wassa,random_forest,openai,gpt,.iri.perspective,syntax_grammar,0.638237592216831,0.5743982981007203,0.00015826459800487606,False
wassa,regression,tfidf,gpt,.iri.perspective,syntax_grammar,0.6536952329823714,0.6215468507342885,0.0476161321291881,False
wassa,regression,openai,gpt,.iri.perspective,syntax_grammar,0.6144490571348158,0.5694308658317947,0.012348168244421512,False
wassa,longformer,longformer,gpt,.iri.perspective,syntax_grammar,,,,False
wassa,gradient_boosting,tfidf,gemini,.iri.fantasy,rephrase,0.6599268023820455,0.5920339815581437,0.0029248055882234317,False
wassa,gradient_boosting,openai,gemini,.iri.fantasy,rephrase,0.63027233868433,0.5613211752379615,0.0002149522533825096,False
wassa,svm,tfidf,gemini,.iri.fantasy,rephrase,0.6748660867855912,0.6756233847565115,0.9177629022352115,True
wassa,svm,openai,gemini,.iri.fantasy,rephrase,0.6774474955299258,0.655578952861509,4.627915559328834e-05,False
wassa,random_forest,tfidf,gemini,.iri.fantasy,rephrase,0.6470055201567808,0.6482002186225981,0.9410266215357698,True
wassa,random_forest,openai,gemini,.iri.fantasy,rephrase,0.6366618363220342,0.5742301503609364,0.001882930906937545,False
wassa,regression,tfidf,gemini,.iri.fantasy,rephrase,0.6303007889546351,0.4021385665616435,2.0969692716922952e-05,False
wassa,regression,openai,gemini,.iri.fantasy,rephrase,0.635809043897279,0.5505343735290259,0.013524500273552221,False
wassa,longformer,longformer,gemini,.iri.fantasy,rephrase,,,,False
wassa,gradient_boosting,tfidf,gemini,.iri.fantasy,syntax_grammar,0.6530710664832735,0.6012437453613924,0.005703190895674044,False
wassa,gradient_boosting,openai,gemini,.iri.fantasy,syntax_grammar,0.6460941427853193,0.6242733287953877,0.2807826974939679,False
wassa,svm,tfidf,gemini,.iri.fantasy,syntax_grammar,0.6752888730988511,0.6800622144833686,0.4302247218480374,True
wassa,svm,openai,gemini,.iri.fantasy,syntax_grammar,0.6941187567273654,0.6920679505531696,0.5839881239059346,False
wassa,random_forest,tfidf,gemini,.iri.fantasy,syntax_grammar,0.6509033056917476,0.6297847287062974,0.1328030652171535,False
wassa,random_forest,openai,gemini,.iri.fantasy,syntax_grammar,0.628146507471767,0.602498554683949,0.1531374758407505,False
wassa,regression,tfidf,gemini,.iri.fantasy,syntax_grammar,0.6246372288968638,0.501785570751088,0.000288181224879108,False
wassa,regression,openai,gemini,.iri.fantasy,syntax_grammar,0.6489691158514688,0.5497069597069597,0.0006593287057911409,False
wassa,longformer,longformer,gemini,.iri.fantasy,syntax_grammar,,,,False
wassa,gradient_boosting,tfidf,llama,.iri.fantasy,rephrase,0.6694667965651796,0.5815098543813716,0.0006206706308895802,False
wassa,gradient_boosting,openai,llama,.iri.fantasy,rephrase,0.6460829446123565,0.6165839148811285,0.2813420789010352,False
wassa,svm,tfidf,llama,.iri.fantasy,rephrase,0.6832957834505821,0.699238291807951,0.008307162958710415,True
wassa,svm,openai,llama,.iri.fantasy,rephrase,0.6927121725883334,0.69087476932457,0.7870394076904699,False
wassa,random_forest,tfidf,llama,.iri.fantasy,rephrase,0.6567472130552624,0.6060019087049333,0.0026053116430383447,False
wassa,random_forest,openai,llama,.iri.fantasy,rephrase,0.6473529877018804,0.621553433996873,0.08508473414059692,False
wassa,regression,tfidf,llama,.iri.fantasy,rephrase,0.6336064011403378,0.444876917953841,1.9282435663062805e-05,False
wassa,regression,openai,llama,.iri.fantasy,rephrase,0.6529590201465201,0.554715857059607,0.00046914713504977545,False
wassa,longformer,longformer,llama,.iri.fantasy,rephrase,,,,False
wassa,gradient_boosting,tfidf,llama,.iri.fantasy,syntax_grammar,0.6564519917461095,0.5423703489492963,2.7742703237766105e-06,False
wassa,gradient_boosting,openai,llama,.iri.fantasy,syntax_grammar,0.6331646125315672,0.6397373402221048,0.7593704419513253,True
wassa,svm,tfidf,llama,.iri.fantasy,syntax_grammar,0.6740839285899185,0.6894228324434273,0.01900439316169115,True
wassa,svm,openai,llama,.iri.fantasy,syntax_grammar,0.6859323846497661,0.6947864209547829,0.09725036212581277,True
wassa,random_forest,tfidf,llama,.iri.fantasy,syntax_grammar,0.6484740036365423,0.6027361690596984,0.0022516838917646573,False
wassa,random_forest,openai,llama,.iri.fantasy,syntax_grammar,0.6338670083417982,0.5950201943125428,0.120437155332021,False
wassa,regression,tfidf,llama,.iri.fantasy,syntax_grammar,0.6300351337116046,0.5069418326771268,0.0005567012213147351,False
wassa,regression,openai,llama,.iri.fantasy,syntax_grammar,0.6504606682358365,0.5687523261052673,0.0010407167511300476,False
wassa,longformer,longformer,llama,.iri.fantasy,syntax_grammar,,,,False
wassa,gradient_boosting,tfidf,gpt,.iri.fantasy,rephrase,0.667775726060619,0.6218538509923485,0.02310941732892361,False
wassa,gradient_boosting,openai,gpt,.iri.fantasy,rephrase,0.6270699561876034,0.5611528195841922,0.0008030495553194906,False
wassa,svm,tfidf,gpt,.iri.fantasy,rephrase,0.6806120247141917,0.694808500752773,0.08253279070662047,True
wassa,svm,openai,gpt,.iri.fantasy,rephrase,0.6913151715794674,0.6919615839905857,0.32090850207226235,True
wassa,random_forest,tfidf,gpt,.iri.fantasy,rephrase,0.6576499394083876,0.6322297713411607,0.02795310514996419,False
wassa,random_forest,openai,gpt,.iri.fantasy,rephrase,0.645955816448321,0.6070971740496754,0.0007684449997148686,False
wassa,regression,tfidf,gpt,.iri.fantasy,rephrase,0.6225490196078433,0.5090498765335366,0.0002294612954766787,False
wassa,regression,openai,gpt,.iri.fantasy,rephrase,0.6369285880032487,0.5431196443074271,4.857796483906172e-05,False
wassa,longformer,longformer,gpt,.iri.fantasy,rephrase,,,,False
wassa,gradient_boosting,tfidf,gpt,.iri.fantasy,syntax_grammar,0.6512778136895784,0.6041136020841903,0.019115291484660478,False
wassa,gradient_boosting,openai,gpt,.iri.fantasy,syntax_grammar,0.6365114778104976,0.5529697064010791,5.9709426684016895e-05,False
wassa,svm,tfidf,gpt,.iri.fantasy,syntax_grammar,0.6958645501075585,0.7084222932773913,0.04130796202427717,True
wassa,svm,openai,gpt,.iri.fantasy,syntax_grammar,0.6891988629067924,0.6819111711551538,0.15504599807739936,False
wassa,random_forest,tfidf,gpt,.iri.fantasy,syntax_grammar,0.647902563803299,0.6204782690076808,0.03691732738212034,False
wassa,random_forest,openai,gpt,.iri.fantasy,syntax_grammar,0.6170303008538303,0.5742373837293624,0.013859222698744218,False
wassa,regression,tfidf,gpt,.iri.fantasy,syntax_grammar,0.6318602588964579,0.435723301334161,7.382702188642263e-05,False
wassa,regression,openai,gpt,.iri.fantasy,syntax_grammar,0.6376555429864253,0.5711033451842275,0.002615759679690974,False
wassa,longformer,longformer,gpt,.iri.fantasy,syntax_grammar,,,,False
wassa,gradient_boosting,tfidf,gemini,.iri.distress,rephrase,,,,False
wassa,gradient_boosting,openai,gemini,.iri.distress,rephrase,0.6246396832334332,0.5833255949524332,0.09977332642589781,False
wassa,svm,tfidf,gemini,.iri.distress,rephrase,,,,False
wassa,svm,openai,gemini,.iri.distress,rephrase,,,,False
wassa,random_forest,tfidf,gemini,.iri.distress,rephrase,,,,False
wassa,random_forest,openai,gemini,.iri.distress,rephrase,,,,False
wassa,regression,tfidf,gemini,.iri.distress,rephrase,,,,False
wassa,regression,openai,gemini,.iri.distress,rephrase,,,,False
wassa,longformer,longformer,gemini,.iri.distress,rephrase,,,,False
wassa,gradient_boosting,tfidf,gemini,.iri.distress,syntax_grammar,,,,False
wassa,gradient_boosting,openai,gemini,.iri.distress,syntax_grammar,0.6359161040979223,0.6091173977537614,0.3619789252135337,False
wassa,svm,tfidf,gemini,.iri.distress,syntax_grammar,,,,False
wassa,svm,openai,gemini,.iri.distress,syntax_grammar,,,,False
wassa,random_forest,tfidf,gemini,.iri.distress,syntax_grammar,,,,False
wassa,random_forest,openai,gemini,.iri.distress,syntax_grammar,,,,False
wassa,regression,tfidf,gemini,.iri.distress,syntax_grammar,,,,False
wassa,regression,openai,gemini,.iri.distress,syntax_grammar,,,,False
wassa,longformer,longformer,gemini,.iri.distress,syntax_grammar,,,,False
wassa,gradient_boosting,tfidf,llama,.iri.distress,rephrase,,,,False
wassa,gradient_boosting,openai,llama,.iri.distress,rephrase,0.6531566135014412,0.5837570822117636,0.01020390885957773,False
wassa,svm,tfidf,llama,.iri.distress,rephrase,,,,False
wassa,svm,openai,llama,.iri.distress,rephrase,,,,False
wassa,random_forest,tfidf,llama,.iri.distress,rephrase,,,,False
wassa,random_forest,openai,llama,.iri.distress,rephrase,,,,False
wassa,regression,tfidf,llama,.iri.distress,rephrase,,,,False
wassa,regression,openai,llama,.iri.distress,rephrase,,,,False
wassa,longformer,longformer,llama,.iri.distress,rephrase,,,,False
wassa,gradient_boosting,tfidf,llama,.iri.distress,syntax_grammar,0.5982975704125559,0.3487310673760138,1.1750899723764693e-05,False
wassa,gradient_boosting,openai,llama,.iri.distress,syntax_grammar,0.6547852684949461,0.5700875974120756,0.007249469768755685,False
wassa,svm,tfidf,llama,.iri.distress,syntax_grammar,,,,False
wassa,svm,openai,llama,.iri.distress,syntax_grammar,,,,False
wassa,random_forest,tfidf,llama,.iri.distress,syntax_grammar,,,,False
wassa,random_forest,openai,llama,.iri.distress,syntax_grammar,,,,False
wassa,regression,tfidf,llama,.iri.distress,syntax_grammar,,,,False
wassa,regression,openai,llama,.iri.distress,syntax_grammar,,,,False
wassa,longformer,longformer,llama,.iri.distress,syntax_grammar,,,,False
wassa,gradient_boosting,tfidf,gpt,.iri.distress,rephrase,,,,False
wassa,gradient_boosting,openai,gpt,.iri.distress,rephrase,0.6426906426906427,0.5742812120963381,0.02440886203609973,False
wassa,svm,tfidf,gpt,.iri.distress,rephrase,,,,False
wassa,svm,openai,gpt,.iri.distress,rephrase,,,,False
wassa,random_forest,tfidf,gpt,.iri.distress,rephrase,,,,False
wassa,random_forest,openai,gpt,.iri.distress,rephrase,,,,False
wassa,regression,tfidf,gpt,.iri.distress,rephrase,,,,False
wassa,regression,openai,gpt,.iri.distress,rephrase,,,,False
wassa,longformer,longformer,gpt,.iri.distress,rephrase,,,,False
wassa,gradient_boosting,tfidf,gpt,.iri.distress,syntax_grammar,,,,False
wassa,gradient_boosting,openai,gpt,.iri.distress,syntax_grammar,0.641840575616667,0.5662126570345883,0.0005109970100508037,False
wassa,svm,tfidf,gpt,.iri.distress,syntax_grammar,,,,False
wassa,svm,openai,gpt,.iri.distress,syntax_grammar,,,,False
wassa,random_forest,tfidf,gpt,.iri.distress,syntax_grammar,,,,False
wassa,random_forest,openai,gpt,.iri.distress,syntax_grammar,,,,False
wassa,regression,tfidf,gpt,.iri.distress,syntax_grammar,,,,False
wassa,regression,openai,gpt,.iri.distress,syntax_grammar,,,,False
wassa,longformer,longformer,gpt,.iri.distress,syntax_grammar,,,,False
facebook,gradient_boosting,tfidf,gemini,.authority,rephrase,0.627443556461922,0.48183773719389217,4.832015539451297e-05,False
facebook,gradient_boosting,openai,gemini,.authority,rephrase,0.6006490914299513,0.5591048173286917,4.276650090504448e-07,False
facebook,svm,tfidf,gemini,.authority,rephrase,0.6528709228365108,0.46528071477215827,0.00019988227496123907,False
facebook,svm,openai,gemini,.authority,rephrase,0.6929253585183885,0.5763193554680586,0.0001657303893282561,False
facebook,random_forest,tfidf,gemini,.authority,rephrase,0.6438434097151234,0.4976692998125447,0.0010135614415702526,False
facebook,random_forest,openai,gemini,.authority,rephrase,0.6255099362568953,0.5329019782511879,0.0023228548090346544,False
facebook,regression,tfidf,gemini,.authority,rephrase,0.6193259341706823,0.5006551145840872,0.003636207121659338,False
facebook,regression,openai,gemini,.authority,rephrase,0.6231779391914269,0.5523660057692217,0.02177022199332567,False
facebook,longformer,longformer,gemini,.authority,rephrase,0.7375435280408268,0.6101678339649397,0.06853220140853869,False
facebook,gradient_boosting,tfidf,gemini,.authority,syntax_grammar,0.5888464585776217,0.523726192024808,0.02985633579070863,False
facebook,gradient_boosting,openai,gemini,.authority,syntax_grammar,0.6394324081269095,0.5998977913629618,0.16730191235937614,False
facebook,svm,tfidf,gemini,.authority,syntax_grammar,0.6395417339640193,0.5413452303493314,0.013332172757120758,False
facebook,svm,openai,gemini,.authority,syntax_grammar,0.6970222420230312,0.6085241760114212,0.003939552705336796,False
facebook,random_forest,tfidf,gemini,.authority,syntax_grammar,0.6127969362211957,0.5548457679831751,0.08388908721581737,False
facebook,random_forest,openai,gemini,.authority,syntax_grammar,0.6492352506053378,0.5320100000706015,0.002697512568851768,False
facebook,regression,tfidf,gemini,.authority,syntax_grammar,0.578924713068894,0.49952862934312847,0.025910915302457437,False
facebook,regression,openai,gemini,.authority,syntax_grammar,0.6298773237998894,0.5403634667515196,0.00801581761626538,False
facebook,longformer,longformer,gemini,.authority,syntax_grammar,,,,False
facebook,gradient_boosting,tfidf,llama,.authority,rephrase,,,,False
facebook,gradient_boosting,openai,llama,.authority,rephrase,0.6701860874662913,0.5537167593919129,0.0005755552738393255,False
facebook,svm,tfidf,llama,.authority,rephrase,0.6469268446041722,0.5239902134092526,0.0009537175987441526,False
facebook,svm,openai,llama,.authority,rephrase,0.675060185731194,0.5877360573887108,0.005684780639703554,False
facebook,random_forest,tfidf,llama,.authority,rephrase,0.6319510936959934,0.46045021125448393,2.5212484128753255e-06,False
facebook,random_forest,openai,llama,.authority,rephrase,0.6420334720322463,0.5471345598638312,0.039290866726396007,False
facebook,regression,tfidf,llama,.authority,rephrase,0.6115320549131059,0.4931641908021555,0.0016867952004163862,False
facebook,regression,openai,llama,.authority,rephrase,0.6264636624357763,0.5680257121715788,0.14064632268063026,False
facebook,longformer,longformer,llama,.authority,rephrase,0.7624181830075517,0.6710117695748148,0.047827017990810704,False
facebook,gradient_boosting,tfidf,llama,.authority,syntax_grammar,,,,False
facebook,gradient_boosting,openai,llama,.authority,syntax_grammar,0.6366063174223895,0.6269429618287858,0.8103313001480201,False
facebook,svm,tfidf,llama,.authority,syntax_grammar,0.6322174450698438,0.5181155349285047,0.0003884937046754678,False
facebook,svm,openai,llama,.authority,syntax_grammar,0.6794798007309453,0.543513270491514,9.025740993318345e-07,False
facebook,random_forest,tfidf,llama,.authority,syntax_grammar,0.6265947698005544,0.47741656936596205,7.851634176017465e-05,False
facebook,random_forest,openai,llama,.authority,syntax_grammar,0.6735540361636109,0.5092828998035787,0.002560968205258918,False
facebook,regression,tfidf,llama,.authority,syntax_grammar,0.6014335292981279,0.50819120648868,0.005200973630450027,False
facebook,regression,openai,llama,.authority,syntax_grammar,0.6496540138891477,0.5406721055478038,0.0018228791018244943,False
facebook,longformer,longformer,llama,.authority,syntax_grammar,,,,False
facebook,gradient_boosting,tfidf,gpt,.authority,rephrase,,,,False
facebook,gradient_boosting,openai,gpt,.authority,rephrase,0.6817341350622306,0.572527232926078,0.024212474876739006,False
facebook,svm,tfidf,gpt,.authority,rephrase,0.6325562598033974,0.5647621565376705,0.03462958074898356,False
facebook,svm,openai,gpt,.authority,rephrase,0.7002096351486069,0.6225485582255643,0.012681723106402868,False
facebook,random_forest,tfidf,gpt,.authority,rephrase,0.6633869982992574,0.44242787041381104,0.00022218091568552504,False
facebook,random_forest,openai,gpt,.authority,rephrase,0.6612352421976595,0.5275438410354456,0.00015775272981828904,False
facebook,regression,tfidf,gpt,.authority,rephrase,0.6445036442265016,0.545797821318846,0.04505462335083119,False
facebook,regression,openai,gpt,.authority,rephrase,0.6187558976607764,0.5743701153548748,0.08723065987424296,False
facebook,longformer,longformer,gpt,.authority,rephrase,0.7423199943034382,0.6040073144726863,0.013521507820844762,False
facebook,gradient_boosting,tfidf,gpt,.authority,syntax_grammar,,,,False
facebook,gradient_boosting,openai,gpt,.authority,syntax_grammar,,,,False
facebook,svm,tfidf,gpt,.authority,syntax_grammar,0.628013431640237,0.5652249357202895,0.05512195668888617,False
facebook,svm,openai,gpt,.authority,syntax_grammar,0.6896211207341828,0.6654286497983137,0.45405663629317516,False
facebook,random_forest,tfidf,gpt,.authority,syntax_grammar,0.6228024489146969,0.45587269794885915,0.0006695238550285158,False
facebook,random_forest,openai,gpt,.authority,syntax_grammar,0.6273591576191487,0.5041000743470645,5.420118154563386e-05,False
facebook,regression,tfidf,gpt,.authority,syntax_grammar,0.6105298590734034,0.5659166885987748,0.22512179542863447,False
facebook,regression,openai,gpt,.authority,syntax_grammar,0.6288326973583429,0.5709588580542333,0.10201060029556872,False
facebook,longformer,longformer,gpt,.authority,syntax_grammar,0.7425473368325112,0.5943768166197373,0.007338182506988889,False
facebook,gradient_boosting,tfidf,gemini,.purity,rephrase,0.5743147901764392,0.5198423986205707,2.3793081282484264e-07,False
facebook,gradient_boosting,openai,gemini,.purity,rephrase,0.6112010571373419,0.5695724617071544,2.070737596446875e-08,False
facebook,svm,tfidf,gemini,.purity,rephrase,0.6850433868798059,0.566487368760958,0.010653190763066683,False
facebook,svm,openai,gemini,.purity,rephrase,0.7133325711617947,0.5707086289603025,0.0005019576801623042,False
facebook,random_forest,tfidf,gemini,.purity,rephrase,0.6177710768843018,0.5322402185325895,0.005265660724210721,False
facebook,random_forest,openai,gemini,.purity,rephrase,0.6396210594719705,0.596122407694674,0.1348306596489665,False
facebook,regression,tfidf,gemini,.purity,rephrase,0.6025426262300843,0.5225346732728133,0.049484983906324935,False
facebook,regression,openai,gemini,.purity,rephrase,0.656788044310849,0.589273417162233,0.04894558886781777,False
facebook,longformer,longformer,gemini,.purity,rephrase,0.7726674769045184,0.6827941717295554,0.09344423209737567,False
facebook,gradient_boosting,tfidf,gemini,.purity,syntax_grammar,0.6316318362642144,0.5291420268573596,0.0026708028898289582,False
facebook,gradient_boosting,openai,gemini,.purity,syntax_grammar,0.6045432000816863,0.5725699182370684,9.651206601568706e-06,False
facebook,svm,tfidf,gemini,.purity,syntax_grammar,0.644218353248529,0.6043161046872473,0.20298958338029358,False
facebook,svm,openai,gemini,.purity,syntax_grammar,0.6936802483215798,0.6166784509007726,0.01987337987758872,False
facebook,random_forest,tfidf,gemini,.purity,syntax_grammar,0.6413107522163404,0.5400938243539869,0.006474999050823638,False
facebook,random_forest,openai,gemini,.purity,syntax_grammar,0.6471483400700323,0.5930004473645585,0.10525393297888189,False
facebook,regression,tfidf,gemini,.purity,syntax_grammar,0.6456964159227272,0.5594034758595968,0.04107769437032069,False
facebook,regression,openai,gemini,.purity,syntax_grammar,0.6498258582922853,0.5874348083195366,0.04108800722771777,False
facebook,longformer,longformer,gemini,.purity,syntax_grammar,0.7760309725998716,0.6391280054124701,0.009196278556225313,False
facebook,gradient_boosting,tfidf,llama,.purity,rephrase,,,,False
facebook,gradient_boosting,openai,llama,.purity,rephrase,0.6466466996513373,0.5473434030305686,0.01109314960802757,False
facebook,svm,tfidf,llama,.purity,rephrase,0.6024331365601022,0.41395004655580675,0.00011930788221998892,False
facebook,svm,openai,llama,.purity,rephrase,0.7033377056923292,0.5794765196370717,0.0001841693391627832,False
facebook,random_forest,tfidf,llama,.purity,rephrase,0.6535508831356217,0.5092199234530076,0.0005831919698618117,False
facebook,random_forest,openai,llama,.purity,rephrase,0.6903981643294634,0.6070329373944647,0.036266816328438714,False
facebook,regression,tfidf,llama,.purity,rephrase,0.6113900020702099,0.5198344678560504,0.014504817349189736,False
facebook,regression,openai,llama,.purity,rephrase,0.6659656511189634,0.553926372192449,0.0050028194128113245,False
facebook,longformer,longformer,llama,.purity,rephrase,0.7120502755104654,0.6280175719049559,0.021979990691011746,False
facebook,gradient_boosting,tfidf,llama,.purity,syntax_grammar,0.6259558799163885,0.44112075019037417,0.00016912569448495636,False
facebook,gradient_boosting,openai,llama,.purity,syntax_grammar,,,,False
facebook,svm,tfidf,llama,.purity,syntax_grammar,0.6332829563100276,0.4528805923793699,7.705489510404382e-07,False
facebook,svm,openai,llama,.purity,syntax_grammar,0.6748415130784134,0.657246712192007,0.46758021096888136,False
facebook,random_forest,tfidf,llama,.purity,syntax_grammar,0.6143138753496019,0.4949436239678004,3.7473771116884856e-05,False
facebook,random_forest,openai,llama,.purity,syntax_grammar,0.6760516460261333,0.5835084125943574,0.0003919580877091238,False
facebook,regression,tfidf,llama,.purity,syntax_grammar,,,,False
facebook,regression,openai,llama,.purity,syntax_grammar,0.6747846615506399,0.5693756488023787,0.014418756365752171,False
facebook,longformer,longformer,llama,.purity,syntax_grammar,,,,False
facebook,gradient_boosting,tfidf,gpt,.purity,rephrase,0.639386530745287,0.5200011810629682,0.0008249440484370655,False
facebook,gradient_boosting,openai,gpt,.purity,rephrase,,,,False
facebook,svm,tfidf,gpt,.purity,rephrase,0.6370921661578388,0.5496764362747965,0.067069456877174,False
facebook,svm,openai,gpt,.purity,rephrase,0.7381695650948241,0.6318035433831669,0.0008801631999085151,False
facebook,random_forest,tfidf,gpt,.purity,rephrase,0.6120717309917997,0.4879128157522194,0.0019606216844702123,False
facebook,random_forest,openai,gpt,.purity,rephrase,0.6432114733196842,0.5186035868385677,0.001562167415856476,False
facebook,regression,tfidf,gpt,.purity,rephrase,0.6408606513199744,0.5423885257256678,0.040302260622883765,False
facebook,regression,openai,gpt,.purity,rephrase,0.6609953021349466,0.6438862114933925,0.6066913099100903,False
facebook,longformer,longformer,gpt,.purity,rephrase,0.7201525769572482,0.7183629434040782,0.9723131714533353,False
facebook,gradient_boosting,tfidf,gpt,.purity,syntax_grammar,,,,False
facebook,gradient_boosting,openai,gpt,.purity,syntax_grammar,0.6592674199447708,0.5687753647392026,0.014290665380428304,False
facebook,svm,tfidf,gpt,.purity,syntax_grammar,0.6188042408429201,0.5727932391981019,0.12232532013156489,False
facebook,svm,openai,gpt,.purity,syntax_grammar,0.7191298205790512,0.632388329305416,0.011858500459859337,False
facebook,random_forest,tfidf,gpt,.purity,syntax_grammar,0.6268736750601843,0.5638850910072127,0.11045905266744414,False
facebook,random_forest,openai,gpt,.purity,syntax_grammar,0.6444746411787934,0.5505766042228821,0.005084223183929076,False
facebook,regression,tfidf,gpt,.purity,syntax_grammar,0.6219132701287635,0.6110085459687018,0.6488925404862691,False
facebook,regression,openai,gpt,.purity,syntax_grammar,0.6405655379129821,0.5972800923601526,0.13208705244062938,False
facebook,longformer,longformer,gpt,.purity,syntax_grammar,0.6997112886189812,0.6827354448335946,0.5526789654586856,False
facebook,gradient_boosting,tfidf,gemini,.care,rephrase,0.569947974937787,0.5895619514714986,0.20013623121610621,True
facebook,gradient_boosting,openai,gemini,.care,rephrase,0.5729667674742881,0.5731237389339062,0.9763178680944232,True
facebook,svm,tfidf,gemini,.care,rephrase,0.5823549962024728,0.6319110834274929,0.02948814129008295,True
facebook,svm,openai,gemini,.care,rephrase,0.66071801062787,0.6704045040786843,0.698415991918498,True
facebook,random_forest,tfidf,gemini,.care,rephrase,0.5800897230554173,0.6242369187573327,0.00017230311893784339,True
facebook,random_forest,openai,gemini,.care,rephrase,0.625346283952498,0.6399317354337901,0.35584375082407094,True
facebook,regression,tfidf,gemini,.care,rephrase,0.603033365218086,0.6317650674723208,0.207135123009554,True
facebook,regression,openai,gemini,.care,rephrase,0.587460207641226,0.6075637405176804,0.20317600535994584,True
facebook,longformer,longformer,gemini,.care,rephrase,,,,False
facebook,gradient_boosting,tfidf,gemini,.care,syntax_grammar,0.6099194226596045,0.589327257258584,0.18910155166236983,False
facebook,gradient_boosting,openai,gemini,.care,syntax_grammar,0.5728280431676804,0.5674833300506923,0.3332725666769095,False
facebook,svm,tfidf,gemini,.care,syntax_grammar,0.6115239922815345,0.6179820732713743,0.7164637406453114,True
facebook,svm,openai,gemini,.care,syntax_grammar,0.6961421571995254,0.6761024750942338,0.36147038075012605,False
facebook,random_forest,tfidf,gemini,.care,syntax_grammar,0.5967518021880003,0.6107387266891495,0.42702264658069344,True
facebook,random_forest,openai,gemini,.care,syntax_grammar,0.6338201769437746,0.6556571879454487,0.277100026633943,True
facebook,regression,tfidf,gemini,.care,syntax_grammar,0.5726133102582096,0.6174143438786922,0.004339597873569725,True
facebook,regression,openai,gemini,.care,syntax_grammar,0.5927116846745186,0.6204456082909879,0.11501083334868463,True
facebook,longformer,longformer,gemini,.care,syntax_grammar,,,,False
facebook,gradient_boosting,tfidf,llama,.care,rephrase,,,,False
facebook,gradient_boosting,openai,llama,.care,rephrase,0.6608943371126219,0.6670716274286207,0.8511768275597017,True
facebook,svm,tfidf,llama,.care,rephrase,0.5993816933385554,0.6597753424568721,0.004723256707616469,True
facebook,svm,openai,llama,.care,rephrase,0.6472758288766377,0.7114601147580726,0.00172466492789082,True
facebook,random_forest,tfidf,llama,.care,rephrase,0.5956444082509917,0.6588059619957806,0.0009998651376555122,True
facebook,random_forest,openai,llama,.care,rephrase,0.639589351684505,0.706548522907611,5.6384501790914146e-05,True
facebook,regression,tfidf,llama,.care,rephrase,0.5971299122694272,0.6329973504029069,0.050490112505214,True
facebook,regression,openai,llama,.care,rephrase,0.6268131809075894,0.7091501827756773,4.672864313970969e-05,True
facebook,longformer,longformer,llama,.care,rephrase,,,,False
facebook,gradient_boosting,tfidf,llama,.care,syntax_grammar,,,,False
facebook,gradient_boosting,openai,llama,.care,syntax_grammar,0.6434027240100225,0.6736795249978985,0.22265899451745982,True
facebook,svm,tfidf,llama,.care,syntax_grammar,0.5898774771928236,0.6697030205739857,0.0021205928610250296,True
facebook,svm,openai,llama,.care,syntax_grammar,0.6507435389126001,0.7181937315110024,3.8401358191518906e-05,True
facebook,random_forest,tfidf,llama,.care,syntax_grammar,0.5971175669304799,0.6564162224019924,0.00965580400107311,True
facebook,random_forest,openai,llama,.care,syntax_grammar,0.6479031292763845,0.6836063571186236,0.23721011283098772,True
facebook,regression,tfidf,llama,.care,syntax_grammar,0.6289289790806252,0.6413954878536466,0.5239936673861318,True
facebook,regression,openai,llama,.care,syntax_grammar,0.6506042902329597,0.6749551678385548,0.28335264611578115,True
facebook,longformer,longformer,llama,.care,syntax_grammar,0.6789874126584531,0.6525600925752406,0.38928906356403137,False
facebook,gradient_boosting,tfidf,gpt,.care,rephrase,0.6322176880746908,0.6361779946811645,0.8410431164292798,True
facebook,gradient_boosting,openai,gpt,.care,rephrase,,,,False
facebook,svm,tfidf,gpt,.care,rephrase,0.6096690078967081,0.6486724671106998,0.0348968799345512,True
facebook,svm,openai,gpt,.care,rephrase,0.6913987002929524,0.7039457827352477,0.5599620760101927,True
facebook,random_forest,tfidf,gpt,.care,rephrase,0.5953244292969309,0.6420298440009259,0.02106715253690404,True
facebook,random_forest,openai,gpt,.care,rephrase,0.6409081461881587,0.6734818118616356,0.07751030175922434,True
facebook,regression,tfidf,gpt,.care,rephrase,0.6246085986135623,0.6434825155388842,0.27298322879585785,True
facebook,regression,openai,gpt,.care,rephrase,0.6201187562661488,0.6055978452121427,0.5568382753414018,False
facebook,longformer,longformer,gpt,.care,rephrase,,,,False
facebook,gradient_boosting,tfidf,gpt,.care,syntax_grammar,,,,False
facebook,gradient_boosting,openai,gpt,.care,syntax_grammar,0.6169544507074225,0.6689393135038151,0.012257697189803218,True
facebook,svm,tfidf,gpt,.care,syntax_grammar,0.6011785091506169,0.6597227775915807,0.01793208202205485,True
facebook,svm,openai,gpt,.care,syntax_grammar,0.6375498447798215,0.6875528403881713,0.0023641443298769143,True
facebook,random_forest,tfidf,gpt,.care,syntax_grammar,0.5732621220263685,0.6297028706491575,1.0180313178300413e-06,True
facebook,random_forest,openai,gpt,.care,syntax_grammar,0.6124035243639203,0.6380163754223072,0.20435111655747112,True
facebook,regression,tfidf,gpt,.care,syntax_grammar,0.6135846902347055,0.6365589998990328,0.19518046353435348,True
facebook,regression,openai,gpt,.care,syntax_grammar,0.600833571239255,0.5867055137460586,0.33320738652102,False
facebook,longformer,longformer,gpt,.care,syntax_grammar,,,,False
facebook,gradient_boosting,tfidf,gemini,.loyalty,rephrase,0.5747657133317877,0.5578413592434951,0.0053550887188327945,False
facebook,gradient_boosting,openai,gemini,.loyalty,rephrase,0.5890190664793307,0.5674468287953741,0.0012243350562592499,False
facebook,svm,tfidf,gemini,.loyalty,rephrase,0.5931583090238579,0.5663767909113597,0.3563335935707629,False
facebook,svm,openai,gemini,.loyalty,rephrase,0.6831095163283846,0.578749619654671,0.0034132301248814127,False
facebook,random_forest,tfidf,gemini,.loyalty,rephrase,0.6281409799051982,0.5237113584516763,0.0018423028775232861,False
facebook,random_forest,openai,gemini,.loyalty,rephrase,0.6798951058613842,0.5845299034191864,0.000751404882874096,False
facebook,regression,tfidf,gemini,.loyalty,rephrase,0.5653951458045005,0.5082249990991288,0.03159998161460324,False
facebook,regression,openai,gemini,.loyalty,rephrase,0.6263008428071332,0.504306706518342,0.005666244567152214,False
facebook,longformer,longformer,gemini,.loyalty,rephrase,0.7086945476400972,0.6250232527370961,0.09415170213345435,False
facebook,gradient_boosting,tfidf,gemini,.loyalty,syntax_grammar,0.5756161336919406,0.5758378278404542,0.9569753479170358,True
facebook,gradient_boosting,openai,gemini,.loyalty,syntax_grammar,0.5916024569327796,0.5777786955526506,0.011772957687569608,False
facebook,svm,tfidf,gemini,.loyalty,syntax_grammar,0.6242725343231119,0.5512201911788188,0.00958326330702201,False
facebook,svm,openai,gemini,.loyalty,syntax_grammar,0.6521923558486347,0.6004378812174619,0.02692824101503895,False
facebook,random_forest,tfidf,gemini,.loyalty,syntax_grammar,0.6283442566876559,0.57330860125086,0.11966840873420247,False
facebook,random_forest,openai,gemini,.loyalty,syntax_grammar,0.6518325487595997,0.556278952184242,0.005245849705265034,False
facebook,regression,tfidf,gemini,.loyalty,syntax_grammar,0.5805706179221966,0.5226560125201918,0.11391799410061261,False
facebook,regression,openai,gemini,.loyalty,syntax_grammar,0.6040306649426525,0.5558807513289726,0.09350358918498444,False
facebook,longformer,longformer,gemini,.loyalty,syntax_grammar,0.6854316549285437,0.4806684115163336,0.00013175237519334992,False
facebook,gradient_boosting,tfidf,llama,.loyalty,rephrase,0.6303524591921972,0.5823038732924832,0.26434458777424813,False
facebook,gradient_boosting,openai,llama,.loyalty,rephrase,0.6311476419697905,0.5154955682102146,0.04836671462734585,False
facebook,svm,tfidf,llama,.loyalty,rephrase,0.6458832482445707,0.5641431398757026,0.12938230765296097,False
facebook,svm,openai,llama,.loyalty,rephrase,0.6576819667882958,0.5852952554456519,0.07680464954657013,False
facebook,random_forest,tfidf,llama,.loyalty,rephrase,0.6014027778419578,0.5324764943314247,0.10847703832550441,False
facebook,random_forest,openai,llama,.loyalty,rephrase,0.6618968063226915,0.5549191806051206,0.0030263322001108555,False
facebook,regression,tfidf,llama,.loyalty,rephrase,0.6113933911751283,0.5680061385584628,0.20847654978357372,False
facebook,regression,openai,llama,.loyalty,rephrase,0.6166890639019675,0.5514390589436781,0.04865445985795851,False
facebook,longformer,longformer,llama,.loyalty,rephrase,,,,False
facebook,gradient_boosting,tfidf,llama,.loyalty,syntax_grammar,0.6448425196951861,0.4688370934663808,0.00042910132096467724,False
facebook,gradient_boosting,openai,llama,.loyalty,syntax_grammar,0.6474571231764467,0.5836242733987818,0.21219796457997273,False
facebook,svm,tfidf,llama,.loyalty,syntax_grammar,0.6263902967996516,0.5644712849899644,0.05144366763310163,False
facebook,svm,openai,llama,.loyalty,syntax_grammar,0.6559393080246901,0.6172626811534861,0.25174471524895814,False
facebook,random_forest,tfidf,llama,.loyalty,syntax_grammar,0.6361490018543424,0.5022404489078558,0.00027384799543408317,False
facebook,random_forest,openai,llama,.loyalty,syntax_grammar,0.658444004096214,0.5774693943141839,0.037532074556909344,False
facebook,regression,tfidf,llama,.loyalty,syntax_grammar,0.6275351422657398,0.515100884876174,0.005270038425718576,False
facebook,regression,openai,llama,.loyalty,syntax_grammar,0.6379175653321015,0.476693372694149,0.00025115747280393853,False
facebook,longformer,longformer,llama,.loyalty,syntax_grammar,,,,False
facebook,gradient_boosting,tfidf,gpt,.loyalty,rephrase,0.6118901641216251,0.538231441981478,0.04987310901871924,False
facebook,gradient_boosting,openai,gpt,.loyalty,rephrase,0.6741599974768978,0.6130755143458775,0.21997391645105888,False
facebook,svm,tfidf,gpt,.loyalty,rephrase,0.6291405476471973,0.5442927957191295,0.009309467895933256,False
facebook,svm,openai,gpt,.loyalty,rephrase,0.6677051917040218,0.5836344724977769,0.0025434991371353294,False
facebook,random_forest,tfidf,gpt,.loyalty,rephrase,0.6717706428914526,0.5698883664322575,0.0026435392533375713,False
facebook,random_forest,openai,gpt,.loyalty,rephrase,0.6286365728965793,0.5976646235823919,0.38596197991385095,False
facebook,regression,tfidf,gpt,.loyalty,rephrase,0.5999784058626473,0.5006878017295657,0.029696998359341018,False
facebook,regression,openai,gpt,.loyalty,rephrase,0.6008299000632376,0.5527108784759444,0.14536383648639545,False
facebook,longformer,longformer,gpt,.loyalty,rephrase,0.633425008488986,0.5293636956616451,0.02247480905059817,False
facebook,gradient_boosting,tfidf,gpt,.loyalty,syntax_grammar,0.6455112152618917,0.5444933961498664,0.0243283740204649,False
facebook,gradient_boosting,openai,gpt,.loyalty,syntax_grammar,0.6720424408537298,0.5362853840305517,0.010305127585263096,False
facebook,svm,tfidf,gpt,.loyalty,syntax_grammar,0.6408038884493699,0.5701816966297601,0.04382831929392889,False
facebook,svm,openai,gpt,.loyalty,syntax_grammar,0.647971016566481,0.6017143425931458,0.1272486159611865,False
facebook,random_forest,tfidf,gpt,.loyalty,syntax_grammar,0.6508873492977049,0.5525593549753516,0.006939184700852854,False
facebook,random_forest,openai,gpt,.loyalty,syntax_grammar,0.6475283370985692,0.5968477291322232,0.05361727874183905,False
facebook,regression,tfidf,gpt,.loyalty,syntax_grammar,0.5900339103588015,0.5326179647268133,0.046321182905120974,False
facebook,regression,openai,gpt,.loyalty,syntax_grammar,0.6000317735884533,0.5541300970185065,0.18129525181528186,False
facebook,longformer,longformer,gpt,.loyalty,syntax_grammar,0.6916525823391965,0.5625376263674841,0.007236568869961014,False
facebook,gradient_boosting,tfidf,gemini,.fairness,rephrase,,,,False
facebook,gradient_boosting,openai,gemini,.fairness,rephrase,,,,False
facebook,svm,tfidf,gemini,.fairness,rephrase,,,,False
facebook,svm,openai,gemini,.fairness,rephrase,,,,False
facebook,random_forest,tfidf,gemini,.fairness,rephrase,,,,False
facebook,random_forest,openai,gemini,.fairness,rephrase,,,,False
facebook,regression,tfidf,gemini,.fairness,rephrase,,,,False
facebook,regression,openai,gemini,.fairness,rephrase,,,,False
facebook,longformer,longformer,gemini,.fairness,rephrase,,,,False
facebook,gradient_boosting,tfidf,gemini,.fairness,syntax_grammar,,,,False
facebook,gradient_boosting,openai,gemini,.fairness,syntax_grammar,,,,False
facebook,svm,tfidf,gemini,.fairness,syntax_grammar,,,,False
facebook,svm,openai,gemini,.fairness,syntax_grammar,0.6351174209831016,0.5211848977242108,0.028727998579425304,False
facebook,random_forest,tfidf,gemini,.fairness,syntax_grammar,,,,False
facebook,random_forest,openai,gemini,.fairness,syntax_grammar,,,,False
facebook,regression,tfidf,gemini,.fairness,syntax_grammar,,,,False
facebook,regression,openai,gemini,.fairness,syntax_grammar,0.6596972211099388,0.5147099490850051,0.004695112089006104,False
facebook,longformer,longformer,gemini,.fairness,syntax_grammar,,,,False
facebook,gradient_boosting,tfidf,llama,.fairness,rephrase,,,,False
facebook,gradient_boosting,openai,llama,.fairness,rephrase,,,,False
facebook,svm,tfidf,llama,.fairness,rephrase,,,,False
facebook,svm,openai,llama,.fairness,rephrase,0.6318477431944893,0.5087375071120437,0.009568399584698337,False
facebook,random_forest,tfidf,llama,.fairness,rephrase,,,,False
facebook,random_forest,openai,llama,.fairness,rephrase,,,,False
facebook,regression,tfidf,llama,.fairness,rephrase,,,,False
facebook,regression,openai,llama,.fairness,rephrase,,,,False
facebook,longformer,longformer,llama,.fairness,rephrase,,,,False
facebook,gradient_boosting,tfidf,llama,.fairness,syntax_grammar,,,,False
facebook,gradient_boosting,openai,llama,.fairness,syntax_grammar,,,,False
facebook,svm,tfidf,llama,.fairness,syntax_grammar,,,,False
facebook,svm,openai,llama,.fairness,syntax_grammar,0.6678593953266136,0.5248752785561746,0.053717105261678236,False
facebook,random_forest,tfidf,llama,.fairness,syntax_grammar,,,,False
facebook,random_forest,openai,llama,.fairness,syntax_grammar,,,,False
facebook,regression,tfidf,llama,.fairness,syntax_grammar,,,,False
facebook,regression,openai,llama,.fairness,syntax_grammar,,,,False
facebook,longformer,longformer,llama,.fairness,syntax_grammar,,,,False
facebook,gradient_boosting,tfidf,gpt,.fairness,rephrase,,,,False
facebook,gradient_boosting,openai,gpt,.fairness,rephrase,,,,False
facebook,svm,tfidf,gpt,.fairness,rephrase,,,,False
facebook,svm,openai,gpt,.fairness,rephrase,0.6208505114501671,0.5636149946331639,0.17159107403119025,False
facebook,random_forest,tfidf,gpt,.fairness,rephrase,,,,False
facebook,random_forest,openai,gpt,.fairness,rephrase,,,,False
facebook,regression,tfidf,gpt,.fairness,rephrase,,,,False
facebook,regression,openai,gpt,.fairness,rephrase,,,,False
facebook,longformer,longformer,gpt,.fairness,rephrase,,,,False
facebook,gradient_boosting,tfidf,gpt,.fairness,syntax_grammar,,,,False
facebook,gradient_boosting,openai,gpt,.fairness,syntax_grammar,,,,False
facebook,svm,tfidf,gpt,.fairness,syntax_grammar,,,,False
facebook,svm,openai,gpt,.fairness,syntax_grammar,0.6025512588680854,0.4973302986743153,0.010069568168405608,False
facebook,random_forest,tfidf,gpt,.fairness,syntax_grammar,,,,False
facebook,random_forest,openai,gpt,.fairness,syntax_grammar,,,,False
facebook,regression,tfidf,gpt,.fairness,syntax_grammar,,,,False
facebook,regression,openai,gpt,.fairness,syntax_grammar,,,,False
facebook,longformer,longformer,gpt,.fairness,syntax_grammar,,,,False
gender,gradient_boosting,tfidf,gemini,gender,rephrase,0.6872442575977152,0.6216680470484616,4.087706769482818e-05,False
gender,gradient_boosting,openai,gemini,gender,rephrase,0.63642906336638,0.6118328221916371,0.005485284976755913,False
gender,svm,tfidf,gemini,gender,rephrase,0.6880124835050913,0.5227963494378989,1.0145142383855547e-10,False
gender,svm,openai,gemini,gender,rephrase,0.6528481121569193,0.641437241727129,0.1872235002979897,False
gender,random_forest,tfidf,gemini,gender,rephrase,0.6641756565632639,0.550720559977451,2.6848344662440437e-09,False
gender,random_forest,openai,gemini,gender,rephrase,0.6429475560776992,0.6491812951137416,0.3595106004549897,True
gender,regression,tfidf,gemini,gender,rephrase,0.7090442989917551,0.6033531290561187,3.675407091349063e-11,False
gender,regression,openai,gemini,gender,rephrase,0.6484273704392903,0.6162820767960637,0.000837323508549124,False
gender,longformer,longformer,gemini,gender,rephrase,,,,False
gender,gradient_boosting,tfidf,gemini,gender,syntax_grammar,0.6782155268277209,0.637424042067722,3.483169815112449e-05,False
gender,gradient_boosting,openai,gemini,gender,syntax_grammar,0.6403141354049292,0.6226802412631393,0.020859150071302422,False
gender,svm,tfidf,gemini,gender,syntax_grammar,0.7070805257032677,0.6458835530437154,1.0498254211724068e-07,False
gender,svm,openai,gemini,gender,syntax_grammar,0.6757380378793033,0.6653955519085302,0.030142497140776204,False
gender,random_forest,tfidf,gemini,gender,syntax_grammar,0.6706555248548131,0.6234075837454843,1.3871267871205443e-05,False
gender,random_forest,openai,gemini,gender,syntax_grammar,0.6407972426454068,0.6342241052403275,0.2674065199878519,False
gender,regression,tfidf,gemini,gender,syntax_grammar,0.6947188092260731,0.6533652657072723,1.5026669984184598e-05,False
gender,regression,openai,gemini,gender,syntax_grammar,0.6444124721826029,0.6240265076758834,0.0010485783734475284,False
gender,longformer,longformer,gemini,gender,syntax_grammar,,,,False
gender,gradient_boosting,tfidf,llama,gender,rephrase,0.6704984526966707,0.6692170932392769,0.9723604614174253,False
gender,gradient_boosting,openai,llama,gender,rephrase,0.651113259909098,0.5589621684197525,0.0009988284091938765,False
gender,svm,tfidf,llama,gender,rephrase,0.7317272945205874,0.5951995818008791,1.2613659385136784e-05,False
gender,svm,openai,llama,gender,rephrase,0.7016501587353088,0.6352853753098964,0.013176773531042608,False
gender,random_forest,tfidf,llama,gender,rephrase,0.7085586190617801,0.6345559501131777,0.08510970582256562,False
gender,random_forest,openai,llama,gender,rephrase,0.6711499803933588,0.6084708229058258,0.09864184256880561,False
gender,regression,tfidf,llama,gender,rephrase,0.7219926116188472,0.6267575236294548,0.005334007114156008,False
gender,regression,openai,llama,gender,rephrase,0.6773702323171169,0.5625998580463951,0.0015338796861855625,False
gender,longformer,longformer,llama,gender,rephrase,,,,False
gender,gradient_boosting,tfidf,llama,gender,syntax_grammar,0.7358667442899137,0.6884607415948485,0.1223574891930211,False
gender,gradient_boosting,openai,llama,gender,syntax_grammar,0.6924074413738354,0.6231706457896898,0.05630324428859194,False
gender,svm,tfidf,llama,gender,syntax_grammar,0.736795247495994,0.6537286799821123,0.00464020955211325,False
gender,svm,openai,llama,gender,syntax_grammar,0.6899201668993717,0.6285423601405493,0.14961396177371653,False
gender,random_forest,tfidf,llama,gender,syntax_grammar,0.7225414798616155,0.669190056998612,0.1521750727963331,False
gender,random_forest,openai,llama,gender,syntax_grammar,0.6624565155201193,0.6137034885416215,0.05428342780604334,False
gender,regression,tfidf,llama,gender,syntax_grammar,0.7571539561839826,0.6640218180078289,0.003944194455492784,False
gender,regression,openai,llama,gender,syntax_grammar,0.6846185899509419,0.6664528153309043,0.5131450563123132,False
gender,longformer,longformer,llama,gender,syntax_grammar,,,,False
gender,gradient_boosting,tfidf,gpt,gender,rephrase,0.7116531601563163,0.6267826236542745,0.007371487264964602,False
gender,gradient_boosting,openai,gpt,gender,rephrase,0.6974584958602079,0.5661438339379339,0.0007065845982718129,False
gender,svm,tfidf,gpt,gender,rephrase,0.7157989160042161,0.6089072179264488,0.0029847166124516316,False
gender,svm,openai,gpt,gender,rephrase,0.7162650637225524,0.6349170655057539,0.028797052961040268,False
gender,random_forest,tfidf,gpt,gender,rephrase,0.6622252439257269,0.628979584394673,0.38081914957312835,False
gender,random_forest,openai,gpt,gender,rephrase,0.6491004980325399,0.5780203507207017,0.07275045530382007,False
gender,regression,tfidf,gpt,gender,rephrase,0.744411018643355,0.6579925971936014,0.007159012354399684,False
gender,regression,openai,gpt,gender,rephrase,0.7201982003952888,0.6075327420320294,0.0006829797142206266,False
gender,longformer,longformer,gpt,gender,rephrase,0.7091261340824725,0.5454166543765154,0.02061090036818658,False
gender,gradient_boosting,tfidf,gpt,gender,syntax_grammar,0.6892523544882498,0.6370473680780201,4.922844580999437e-06,False
gender,gradient_boosting,openai,gpt,gender,syntax_grammar,0.6433735086868417,0.575724654045781,0.0025151908427692936,False
gender,svm,tfidf,gpt,gender,syntax_grammar,0.735419348512485,0.6382910216680555,0.0034966209705629492,False
gender,svm,openai,gpt,gender,syntax_grammar,0.6961929943397952,0.6333763514779623,0.05090270495838496,False
gender,random_forest,tfidf,gpt,gender,syntax_grammar,0.7897510595791501,0.6430721278376623,2.0970873649525554e-05,False
gender,random_forest,openai,gpt,gender,syntax_grammar,0.6314733860029313,0.6249221239001786,0.8584673665294726,False
gender,regression,tfidf,gpt,gender,syntax_grammar,0.75372641745589,0.672190885880881,0.011662390294913047,False
gender,regression,openai,gpt,gender,syntax_grammar,0.6880429137662895,0.5656934740663149,0.018800616838080635,False
gender,longformer,longformer,gpt,gender,syntax_grammar,,,,False
cohort,gradient_boosting,tfidf,gemini,cohort,rephrase,0.3408083895446972,0.24945628815326085,0.03368062408966069,False
cohort,gradient_boosting,openai,gemini,cohort,rephrase,,,,False
cohort,svm,tfidf,gemini,cohort,rephrase,0.35435154189358253,0.26288096556842006,0.032112764328091375,False
cohort,svm,openai,gemini,cohort,rephrase,0.31630320006244367,0.266562343171999,7.293677519639691e-06,False
cohort,random_forest,tfidf,gemini,cohort,rephrase,,,,False
cohort,random_forest,openai,gemini,cohort,rephrase,,,,False
cohort,regression,tfidf,gemini,cohort,rephrase,0.31885304796963904,0.2234069526066981,2.7278000225963105e-07,False
cohort,regression,openai,gemini,cohort,rephrase,0.30868020251889894,0.28660555838267565,0.004135480097640622,False
cohort,longformer,longformer,gemini,cohort,rephrase,,,,False
cohort,gradient_boosting,tfidf,gemini,cohort,syntax_grammar,0.33144589634825317,0.1723545201513783,0.0017246373872498257,False
cohort,gradient_boosting,openai,gemini,cohort,syntax_grammar,0.32163878339028856,0.2285837234803255,0.026893606119459998,False
cohort,svm,tfidf,gemini,cohort,syntax_grammar,0.3467224840221538,0.25760764734987046,0.003900537015291553,False
cohort,svm,openai,gemini,cohort,syntax_grammar,0.3073177200866167,0.2946613760939908,0.05601563961939548,False
cohort,random_forest,tfidf,gemini,cohort,syntax_grammar,,,,False
cohort,random_forest,openai,gemini,cohort,syntax_grammar,,,,False
cohort,regression,tfidf,gemini,cohort,syntax_grammar,0.306170615376335,0.28655889469995377,0.03781770974818083,False
cohort,regression,openai,gemini,cohort,syntax_grammar,0.3897046582194145,0.25463917204794645,0.0004232310551622485,False
cohort,longformer,longformer,gemini,cohort,syntax_grammar,,,,False
cohort,gradient_boosting,tfidf,llama,cohort,rephrase,0.3409620127390964,0.23312138477659455,0.01440949223809089,False
cohort,gradient_boosting,openai,llama,cohort,rephrase,0.33789083848951473,0.209764984102635,0.00016663729419438586,False
cohort,svm,tfidf,llama,cohort,rephrase,0.3501016498365633,0.1712418688172398,0.0002332646256671374,False
cohort,svm,openai,llama,cohort,rephrase,0.3785183157152615,0.25618244076725694,0.0002781374786881161,False
cohort,random_forest,tfidf,llama,cohort,rephrase,,,,False
cohort,random_forest,openai,llama,cohort,rephrase,,,,False
cohort,regression,tfidf,llama,cohort,rephrase,0.3586035009286991,0.2730678777311654,0.013885323331088351,False
cohort,regression,openai,llama,cohort,rephrase,0.3737865738543729,0.2179916526618456,0.0028186205970877993,False
cohort,longformer,longformer,llama,cohort,rephrase,,,,False
cohort,gradient_boosting,tfidf,llama,cohort,syntax_grammar,0.37501617676171123,0.24939171897398396,0.0019570224820739637,False
cohort,gradient_boosting,openai,llama,cohort,syntax_grammar,,,,False
cohort,svm,tfidf,llama,cohort,syntax_grammar,0.345912686021312,0.25883471093213517,0.007354765805319271,False
cohort,svm,openai,llama,cohort,syntax_grammar,0.3568999569486779,0.2717184996627675,0.004766221299445711,False
cohort,random_forest,tfidf,llama,cohort,syntax_grammar,,,,False
cohort,random_forest,openai,llama,cohort,syntax_grammar,,,,False
cohort,regression,tfidf,llama,cohort,syntax_grammar,0.33738577902844213,0.2584531347103499,0.0052381892870801555,False
cohort,regression,openai,llama,cohort,syntax_grammar,0.3584372540409811,0.2893696757583183,0.02378199032126971,False
cohort,longformer,longformer,llama,cohort,syntax_grammar,,,,False
cohort,gradient_boosting,tfidf,gpt,cohort,rephrase,0.35249657953836555,0.28537445047462123,0.029035387922293404,False
cohort,gradient_boosting,openai,gpt,cohort,rephrase,,,,False
cohort,svm,tfidf,gpt,cohort,rephrase,0.395551395388382,0.2711013216918925,0.04946816951542607,False
cohort,svm,openai,gpt,cohort,rephrase,0.36959527561741345,0.3292834954070002,0.1528798622402031,False
cohort,random_forest,tfidf,gpt,cohort,rephrase,,,,False
cohort,random_forest,openai,gpt,cohort,rephrase,,,,False
cohort,regression,tfidf,gpt,cohort,rephrase,0.38733729896890784,0.2861449015409441,0.0017541934184422134,False
cohort,regression,openai,gpt,cohort,rephrase,0.3485538450907161,0.338252233199388,0.6801964149323835,False
cohort,longformer,longformer,gpt,cohort,rephrase,,,,False
cohort,gradient_boosting,tfidf,gpt,cohort,syntax_grammar,0.3285695566104023,0.25752409417979416,0.032731450152756025,False
cohort,gradient_boosting,openai,gpt,cohort,syntax_grammar,,,,False
cohort,svm,tfidf,gpt,cohort,syntax_grammar,0.331849422121336,0.17068300018491672,0.0003767199804253821,False
cohort,svm,openai,gpt,cohort,syntax_grammar,0.3484150794275443,0.2532065543217849,0.009166390814997217,False
cohort,random_forest,tfidf,gpt,cohort,syntax_grammar,,,,False
cohort,random_forest,openai,gpt,cohort,syntax_grammar,,,,False
cohort,regression,tfidf,gpt,cohort,syntax_grammar,0.3726028626181212,0.300593937511807,0.01576166935155394,False
cohort,regression,openai,gpt,cohort,syntax_grammar,0.3698239563837926,0.3115344289990121,0.07437126569461973,False
cohort,longformer,longformer,gpt,cohort,syntax_grammar,,,,False
party,gradient_boosting,tfidf,gemini,party,rephrase,0.6107887327558819,0.5550489860379644,9.040509881564715e-05,False
party,gradient_boosting,openai,gemini,party,rephrase,0.5738184133423923,0.5427682894476031,0.04480236962488198,False
party,svm,tfidf,gemini,party,rephrase,0.6652745235030421,0.5128187852474355,3.017023717343482e-10,False
party,svm,openai,gemini,party,rephrase,0.6630046849162026,0.63925015337802,0.008494553954596949,False
party,random_forest,tfidf,gemini,party,rephrase,0.6388415539668696,0.46386085592527915,2.6504615041696934e-09,False
party,random_forest,openai,gemini,party,rephrase,0.6006552617463031,0.5736295694463462,0.0034258564216050353,False
party,regression,tfidf,gemini,party,rephrase,0.6661708534602697,0.6204201444243004,9.696865230315578e-06,False
party,regression,openai,gemini,party,rephrase,0.6412814125582659,0.6128436298610593,0.005550376338966672,False
party,longformer,longformer,gemini,party,rephrase,,,,False
party,gradient_boosting,tfidf,gemini,party,syntax_grammar,0.6109536550871931,0.6011444559946024,0.2575766643391847,False
party,gradient_boosting,openai,gemini,party,syntax_grammar,0.5754103551262604,0.5693860462588303,0.38417202043021126,False
party,svm,tfidf,gemini,party,syntax_grammar,0.6741026665354024,0.6389047449022551,0.0001298398518020998,False
party,svm,openai,gemini,party,syntax_grammar,0.6644208946834418,0.649761187245507,0.006261704436715683,False
party,random_forest,tfidf,gemini,party,syntax_grammar,0.631098933088539,0.6037629889483561,0.0014007365566058286,False
party,random_forest,openai,gemini,party,syntax_grammar,0.6092602304796066,0.6022583208467409,0.44750779232431714,False
party,regression,tfidf,gemini,party,syntax_grammar,0.6737940984456382,0.6539240244253162,0.012619599786772948,False
party,regression,openai,gemini,party,syntax_grammar,0.6295393260251029,0.6153074139374594,0.0581232273460104,False
party,longformer,longformer,gemini,party,syntax_grammar,,,,False
party,gradient_boosting,tfidf,llama,party,rephrase,0.6825157291176268,0.5294072561045757,0.003105825260902746,False
party,gradient_boosting,openai,llama,party,rephrase,0.600737801196089,0.5383979880314665,0.09363911787267001,False
party,svm,tfidf,llama,party,rephrase,0.6598896291230896,0.6194466073499795,0.23878482360664685,False
party,svm,openai,llama,party,rephrase,0.6863205483056168,0.6423991689845211,0.01138680378946125,False
party,random_forest,tfidf,llama,party,rephrase,0.6309035594701743,0.562550758876558,0.0035024239161599666,False
party,random_forest,openai,llama,party,rephrase,0.6734600783966876,0.5350964456538017,0.004253574547384866,False
party,regression,tfidf,llama,party,rephrase,0.7005502884279624,0.5918955563703209,0.015933495548354205,False
party,regression,openai,llama,party,rephrase,0.6653517142154042,0.6001396308749037,0.0014729805002675872,False
party,longformer,longformer,llama,party,rephrase,,,,False
party,gradient_boosting,tfidf,llama,party,syntax_grammar,0.662935415145389,0.605774394332944,0.07987076379756435,False
party,gradient_boosting,openai,llama,party,syntax_grammar,0.5987265705596206,0.531041515100658,0.07908579019599052,False
party,svm,tfidf,llama,party,syntax_grammar,0.7041445936091371,0.6378773666630744,0.05210033130243321,False
party,svm,openai,llama,party,syntax_grammar,0.6989474006892054,0.6316044299144348,0.19155060622681508,False
party,random_forest,tfidf,llama,party,syntax_grammar,0.6671756032540238,0.5796233859614353,0.00747462022290301,False
party,random_forest,openai,llama,party,syntax_grammar,0.6586758271118851,0.5929331952879402,0.006460783402713744,False
party,regression,tfidf,llama,party,syntax_grammar,0.7116674889643435,0.6503620983740336,0.13768822882677464,False
party,regression,openai,llama,party,syntax_grammar,0.7030607284445167,0.5838901663784631,0.004463033542607932,False
party,longformer,longformer,llama,party,syntax_grammar,,,,False
party,gradient_boosting,tfidf,gpt,party,rephrase,0.632924050631465,0.6195367220886132,0.6890396762687003,False
party,gradient_boosting,openai,gpt,party,rephrase,0.6116602115441785,0.5444719579780005,0.024280667555306966,False
party,svm,tfidf,gpt,party,rephrase,0.7153525255667034,0.5923998197743905,0.0012497463808034718,False
party,svm,openai,gpt,party,rephrase,0.71323689287342,0.6474512836479779,0.055983812477846936,False
party,random_forest,tfidf,gpt,party,rephrase,0.6866022661789591,0.5468421318578329,0.00047996592577608687,False
party,random_forest,openai,gpt,party,rephrase,0.6442209881924407,0.588708172398566,0.03610568732764746,False
party,regression,tfidf,gpt,party,rephrase,0.6970536430534153,0.6394080811894133,0.10545451856558423,False
party,regression,openai,gpt,party,rephrase,0.7014698299586576,0.560874254343472,0.0038809108835193822,False
party,longformer,longformer,gpt,party,rephrase,,,,False
party,gradient_boosting,tfidf,gpt,party,syntax_grammar,0.6178865315509945,0.5870971403221241,0.06387829993171065,False
party,gradient_boosting,openai,gpt,party,syntax_grammar,0.6581740418829718,0.5331948942404443,0.00937885119580886,False
party,svm,tfidf,gpt,party,syntax_grammar,0.6955996601529143,0.6026743380342813,0.005822348947261305,False
party,svm,openai,gpt,party,syntax_grammar,0.690365612516653,0.6328867992513917,0.04975140374506962,False
party,random_forest,tfidf,gpt,party,syntax_grammar,0.6726033991981546,0.5268772492189095,7.1778161802195585e-06,False
party,random_forest,openai,gpt,party,syntax_grammar,0.6520080068282008,0.5812638206848435,0.024716773430545614,False
party,regression,tfidf,gpt,party,syntax_grammar,0.743571375501561,0.6331244208845371,0.0029520185437558093,False
party,regression,openai,gpt,party,syntax_grammar,0.6722503096151646,0.6295762675307363,0.23059161394592478,False
party,longformer,longformer,gpt,party,syntax_grammar,0.6736051027531625,0.5047718418023172,0.00359718179179318,False
